transaction_id,customer_id,transaction_date,amount
1,882,2026-07-30 05:55:40,2499
2,965,2026-09-06 16:09:40,399
3,345,2026-07-22 13:40:40,499
4,750,2026-08-09 00:03:40,1999
5,325,2026-07-07 02:07:40,2499
6,911,2026-08-31 14:46:40,1999
7,604,2026-07-06 15:51:40,2499
8,706,2026-07-21 07:43:40,2499
9,2,2026-09-11 21:57:40,2999
10,989,2026-08-25 04:43:40,1499
11,326,2026-08-31 11:12:40,1499
12,107,2026-08-16 07:53:40,2499
13,80,2026-07-14 14:52:40,499
14,652,2026-06-26 02:14:40,1999
15,747,2026-07-26 17:32:40,699
16,215,2026-07-16 01:36:40,799
17,263,2026-06-28 02:32:40,299
18,396,2026-08-10 02:58:40,499
19,906,2026-08-05 19:28:40,899
20,360,2026-08-22 15:38:40,999
21,808,2026-08-27 00:20:40,1999
22,231,2026-07-04 17:36:40,2999
23,867,2026-06-18 12:33:40,799
24,268,2026-06-27 05:53:40,499
25,910,2026-08-01 09:18:40,399
26,561,2026-06-25 14:10:40,1499
27,915,2026-08-15 01:33:40,899
28,966,2026-09-05 09:10:40,899
29,161,2026-06-20 06:53:40,599
30,998,2026-07-08 17:16:40,1199
31,740,2026-08-22 12:14:40,699
32,305,2026-07-14 06:35:40,899
33,586,2026-08-23 18:41:40,299
34,370,2026-06-14 16:37:40,699
35,844,2026-09-07 00:10:40,999
36,205,2026-06-26 03:45:40,499
37,654,2026-07-21 06:02:40,399
38,316,2026-08-03 19:03:40,1999
39,272,2026-06-26 00:06:40,899
40,190,2026-07-31 15:55:40,499
41,457,2026-06-19 12:00:40,999
42,270,2026-07-12 12:08:40,299
43,155,2026-09-12 00:38:40,399
44,685,2026-07-28 20:58:40,2999
45,604,2026-07-13 20:35:40,899
46,839,2026-08-19 17:06:40,1999
47,888,2026-08-13 22:28:40,599
48,488,2026-07-22 05:57:40,2499
49,36,2026-08-17 22:29:40,1199
50,820,2026-08-27 01:11:40,499
51,124,2026-08-10 08:42:40,599
52,828,2026-07-08 07:34:40,899
53,81,2026-09-09 16:44:40,1999
54,152,2026-08-29 11:52:40,2499
55,937,2026-06-22 05:56:40,1199
56,407,2026-08-23 14:26:40,699
57,533,2026-08-11 04:22:40,2499
58,639,2026-08-28 20:22:40,899
59,116,2026-08-06 07:41:40,1499
60,603,2026-08-27 07:31:40,399
61,577,2026-06-26 13:27:40,1199
62,902,2026-07-28 16:48:40,899
63,671,2026-08-15 22:10:40,999
64,39,2026-07-06 11:57:40,499
65,634,2026-08-31 01:16:40,899
66,40,2026-08-03 14:16:40,599
67,51,2026-08-13 12:29:40,799
68,21,2026-07-27 12:51:40,699
69,864,2026-08-16 02:15:40,399
70,996,2026-07-13 07:51:40,2499
71,454,2026-07-25 12:18:40,899
72,620,2026-09-04 05:44:40,999
73,217,2026-08-06 03:03:40,2999
74,529,2026-07-31 05:04:40,2999
75,163,2026-06-22 13:17:40,1199
76,414,2026-07-01 20:28:40,1499
77,30,2026-07-06 10:28:40,599
78,858,2026-06-21 10:34:40,999
79,52,2026-07-31 01:44:40,699
80,378,2026-08-12 19:57:40,1999
81,946,2026-06-30 00:33:40,599
82,382,2026-08-15 23:00:40,499
83,984,2026-08-13 22:07:40,799
84,353,2026-07-04 12:19:40,2499
85,93,2026-07-20 03:56:40,299
86,167,2026-08-26 10:26:40,599
87,663,2026-07-13 00:45:40,699
88,668,2026-08-05 19:33:40,2999
89,991,2026-09-09 04:02:40,499
90,663,2026-07-06 23:23:40,299
91,230,2026-07-16 23:23:40,699
92,730,2026-09-04 11:59:40,899
93,873,2026-07-28 17:48:40,599
94,478,2026-07-23 01:05:40,1499
95,407,2026-08-27 06:32:40,1199
96,679,2026-07-31 21:13:40,1499
97,624,2026-07-20 13:15:40,399
98,494,2026-06-22 13:49:40,1999
99,333,2026-07-19 12:13:40,2499
100,976,2026-09-05 12:44:40,499
101,530,2026-07-14 05:23:40,2999
102,830,2026-08-29 16:14:40,799
103,698,2026-07-02 02:33:40,1999
104,510,2026-07-21 12:30:40,899
105,415,2026-08-03 02:34:40,1499
106,726,2026-08-26 09:53:40,2499
107,731,2026-07-13 01:06:40,1999
108,804,2026-08-14 00:54:40,1199
109,308,2026-07-06 01:28:40,1199
110,186,2026-07-21 07:02:40,499
111,759,2026-07-18 03:23:40,1199
112,782,2026-07-08 01:29:40,799
113,671,2026-06-25 10:54:40,599
114,763,2026-07-23 17:22:40,799
115,381,2026-07-17 21:50:40,999
116,872,2026-06-29 18:35:40,1999
117,598,2026-08-27 22:36:40,999
118,911,2026-07-08 19:39:40,1999
119,391,2026-08-20 12:58:40,299
120,892,2026-07-03 07:44:40,799
121,420,2026-08-25 17:41:40,799
122,884,2026-07-07 06:03:40,799
123,647,2026-07-06 14:12:40,299
124,5,2026-08-10 11:45:40,2999
125,793,2026-07-05 22:20:40,499
126,502,2026-06-25 08:11:40,899
127,649,2026-08-07 15:59:40,999
128,393,2026-06-14 05:06:40,599
129,749,2026-07-31 04:29:40,799
130,776,2026-08-20 09:33:40,1999
131,5,2026-09-03 02:47:40,599
132,711,2026-07-28 12:40:40,399
133,393,2026-08-17 21:51:40,499
134,67,2026-06-19 12:50:40,999
135,746,2026-08-19 23:05:40,799
136,445,2026-09-09 07:53:40,999
137,368,2026-07-08 09:30:40,2999
138,414,2026-06-16 10:46:40,2499
139,135,2026-07-12 02:33:40,1499
140,517,2026-07-05 06:55:40,2499
141,667,2026-06-18 16:28:40,1999
142,262,2026-08-21 22:35:40,1499
143,50,2026-09-06 07:13:40,299
144,50,2026-09-10 06:58:40,999
145,390,2026-06-29 20:48:40,999
146,719,2026-07-03 10:16:40,1999
147,646,2026-06-15 12:58:40,1999
148,104,2026-09-06 19:49:40,1499
149,621,2026-09-11 07:58:40,399
150,524,2026-09-01 06:50:40,399
151,804,2026-06-27 18:44:40,1499
152,205,2026-07-17 19:44:40,799
153,721,2026-08-05 12:42:40,299
154,562,2026-08-16 10:16:40,999
155,339,2026-07-14 03:32:40,1999
156,92,2026-06-28 22:14:40,999
157,153,2026-06-25 19:36:40,2499
158,741,2026-06-26 12:13:40,599
159,468,2026-07-21 12:01:40,299
160,103,2026-07-06 05:26:40,699
161,369,2026-09-08 13:59:40,2499
162,119,2026-06-26 04:32:40,499
163,680,2026-09-04 08:53:40,799
164,916,2026-08-09 22:49:40,2499
165,96,2026-07-31 13:43:40,399
166,411,2026-08-04 17:49:40,899
167,707,2026-08-14 17:13:40,2999
168,171,2026-06-28 08:16:40,2499
169,61,2026-07-04 06:58:40,1499
170,495,2026-08-26 01:00:40,499
171,626,2026-08-01 15:11:40,299
172,884,2026-09-10 03:29:40,499
173,495,2026-08-15 07:28:40,899
174,452,2026-06-19 05:48:40,1999
175,322,2026-06-16 02:27:40,1999
176,538,2026-08-27 03:08:40,599
177,979,2026-09-07 14:05:40,1199
178,705,2026-09-11 22:38:40,899
179,678,2026-07-15 18:54:40,1999
180,693,2026-09-04 15:41:40,1199
181,914,2026-08-31 04:32:40,1999
182,957,2026-07-04 20:26:40,999
183,873,2026-08-16 08:36:40,2999
184,504,2026-07-25 10:53:40,699
185,52,2026-08-17 11:07:40,1999
186,388,2026-08-04 10:37:40,999
187,455,2026-08-26 17:37:40,999
188,458,2026-07-24 07:03:40,2499
189,670,2026-06-16 06:57:40,899
190,37,2026-08-24 20:32:40,399
191,811,2026-08-30 23:12:40,699
192,912,2026-08-18 20:45:40,1999
193,688,2026-08-11 13:55:40,299
194,837,2026-07-12 17:53:40,1199
195,786,2026-09-01 23:02:40,2499
196,673,2026-07-31 02:00:40,399
197,100,2026-09-06 10:32:40,799
198,364,2026-09-03 13:07:40,1199
199,383,2026-09-11 06:34:40,499
200,505,2026-07-02 02:19:40,2499
201,420,2026-06-27 12:11:40,599
202,193,2026-06-29 15:45:40,999
203,845,2026-07-09 01:53:40,399
204,776,2026-08-06 05:31:40,1999
205,858,2026-09-08 21:39:40,2999
206,914,2026-08-10 18:14:40,1499
207,980,2026-08-17 08:03:40,299
208,544,2026-06-20 21:31:40,899
209,859,2026-08-27 19:31:40,1199
210,800,2026-07-07 02:09:40,499
211,749,2026-06-30 06:56:40,1999
212,615,2026-08-30 14:04:40,899
213,429,2026-08-31 02:20:40,599
214,281,2026-08-03 13:50:40,999
215,825,2026-07-01 07:58:40,1499
216,717,2026-08-18 13:25:40,2499
217,561,2026-07-25 02:19:40,1199
218,648,2026-07-11 09:45:40,1499
219,732,2026-07-22 00:54:40,1999
220,136,2026-09-05 09:04:40,1199
221,711,2026-09-03 14:17:40,399
222,780,2026-07-29 21:02:40,1499
223,585,2026-09-08 01:58:40,1999
224,766,2026-08-21 13:28:40,899
225,828,2026-06-15 19:38:40,299
226,391,2026-07-02 05:14:40,299
227,205,2026-07-18 08:50:40,1999
228,257,2026-07-02 05:16:40,2999
229,303,2026-07-10 20:34:40,799
230,834,2026-08-10 07:11:40,1999
231,758,2026-08-24 11:19:40,1999
232,575,2026-08-02 11:04:40,2999
233,816,2026-09-11 13:16:40,1999
234,49,2026-08-01 15:58:40,2999
235,1000,2026-09-09 14:07:40,299
236,14,2026-07-16 10:11:40,2999
237,882,2026-08-09 11:30:40,1999
238,722,2026-09-04 15:20:40,1499
239,560,2026-08-30 10:21:40,2499
240,988,2026-07-08 13:00:40,499
241,700,2026-06-23 08:43:40,2499
242,527,2026-06-29 15:34:40,899
243,286,2026-08-24 11:40:40,499
244,599,2026-07-16 03:53:40,999
245,727,2026-07-03 04:41:40,799
246,612,2026-06-21 00:11:40,1999
247,309,2026-08-15 22:07:40,799
248,75,2026-07-24 19:46:40,499
249,534,2026-06-22 19:42:40,899
250,557,2026-08-21 15:37:40,799
251,227,2026-07-12 00:53:40,799
252,370,2026-07-21 10:20:40,1499
253,544,2026-08-13 21:24:40,2999
254,665,2026-06-15 07:14:40,799
255,457,2026-07-15 00:11:40,1499
256,250,2026-06-20 01:28:40,799
257,391,2026-06-28 15:48:40,1199
258,742,2026-07-20 04:30:40,1199
259,842,2026-07-31 20:23:40,1199
260,457,2026-08-15 04:50:40,1999
261,198,2026-07-25 19:37:40,399
262,172,2026-08-21 20:32:40,1999
263,68,2026-07-11 01:12:40,2999
264,219,2026-09-09 17:25:40,399
265,211,2026-08-22 02:28:40,2499
266,794,2026-08-09 00:24:40,399
267,765,2026-09-09 07:33:40,999
268,735,2026-07-26 04:37:40,399
269,56,2026-07-06 12:07:40,399
270,589,2026-07-13 11:58:40,899
271,462,2026-09-02 15:59:40,799
272,18,2026-08-03 00:39:40,1199
273,7,2026-09-05 03:11:40,399
274,775,2026-08-27 05:16:40,399
275,367,2026-08-17 06:50:40,2999
276,703,2026-07-22 22:37:40,699
277,784,2026-08-09 15:57:40,1999
278,32,2026-08-13 09:06:40,599
279,140,2026-08-03 20:50:40,1999
280,148,2026-07-23 01:28:40,2999
281,888,2026-09-04 14:32:40,1199
282,896,2026-08-24 07:39:40,299
283,6,2026-08-26 22:57:40,1199
284,561,2026-06-24 12:45:40,2499
285,760,2026-07-28 09:58:40,1999
286,872,2026-08-18 07:42:40,499
287,227,2026-08-31 11:44:40,399
288,186,2026-09-07 22:26:40,299
289,872,2026-08-23 18:13:40,1199
290,75,2026-07-22 00:36:40,699
291,101,2026-07-10 03:09:40,999
292,975,2026-07-26 14:40:40,1999
293,672,2026-07-14 06:50:40,1499
294,72,2026-07-08 14:03:40,999
295,337,2026-09-01 00:51:40,2499
296,599,2026-07-03 22:08:40,799
297,828,2026-07-24 16:42:40,299
298,321,2026-07-15 11:17:40,2499
299,657,2026-08-08 12:25:40,799
300,138,2026-09-09 02:53:40,999
301,474,2026-08-10 15:21:40,699
302,499,2026-08-23 06:43:40,1999
303,622,2026-06-24 12:26:40,499
304,913,2026-08-21 09:48:40,2499
305,908,2026-09-02 06:18:40,399
306,914,2026-06-16 20:12:40,299
307,833,2026-08-27 21:57:40,2999
308,605,2026-07-11 05:07:40,699
309,557,2026-08-22 19:13:40,2999
310,153,2026-07-30 15:46:40,2999
311,604,2026-07-21 08:01:40,1199
312,523,2026-06-25 15:55:40,1199
313,11,2026-09-06 11:26:40,2999
314,629,2026-09-09 09:20:40,1199
315,144,2026-08-10 08:43:40,1499
316,972,2026-08-26 01:27:40,499
317,754,2026-08-14 14:34:40,599
318,780,2026-08-15 10:36:40,699
319,379,2026-07-13 05:14:40,599
320,531,2026-07-30 16:02:40,999
321,903,2026-06-19 05:13:40,799
322,106,2026-08-20 00:25:40,699
323,855,2026-07-17 22:06:40,1499
324,179,2026-08-01 23:56:40,799
325,602,2026-09-05 06:05:40,699
326,386,2026-07-12 19:57:40,799
327,837,2026-07-28 19:22:40,999
328,909,2026-08-30 04:04:40,499
329,451,2026-07-05 10:36:40,1199
330,659,2026-07-19 09:41:40,499
331,162,2026-07-30 23:17:40,399
332,677,2026-07-13 17:23:40,799
333,738,2026-06-28 19:15:40,999
334,491,2026-07-10 21:42:40,1999
335,854,2026-08-05 03:47:40,299
336,131,2026-08-26 21:42:40,499
337,645,2026-08-18 05:29:40,1499
338,151,2026-06-21 08:48:40,499
339,530,2026-08-04 23:08:40,1999
340,20,2026-09-06 12:37:40,599
341,460,2026-08-30 19:27:40,999
342,175,2026-07-12 17:10:40,499
343,814,2026-08-27 09:11:40,1999
344,524,2026-07-17 09:18:40,1999
345,351,2026-08-11 23:09:40,399
346,236,2026-08-01 15:40:40,399
347,17,2026-07-09 20:27:40,1199
348,701,2026-08-06 08:10:40,399
349,182,2026-08-13 23:10:40,299
350,899,2026-08-21 20:20:40,399
351,96,2026-08-15 00:40:40,1499
352,553,2026-06-15 01:13:40,899
353,535,2026-08-06 15:27:40,299
354,715,2026-08-20 16:46:40,2999
355,494,2026-08-01 15:09:40,2999
356,760,2026-09-11 21:38:40,899
357,138,2026-07-16 19:21:40,599
358,932,2026-06-24 13:10:40,1199
359,419,2026-07-16 09:32:40,2499
360,762,2026-06-14 22:05:40,399
361,533,2026-06-14 16:13:40,599
362,705,2026-07-24 16:55:40,399
363,159,2026-08-08 00:09:40,699
364,268,2026-08-21 17:08:40,799
365,627,2026-07-20 00:57:40,2999
366,209,2026-08-05 21:22:40,1199
367,495,2026-07-06 15:07:40,1199
368,496,2026-07-16 13:08:40,799
369,793,2026-08-04 02:40:40,1999
370,122,2026-07-13 18:22:40,2499
371,973,2026-07-04 06:45:40,1199
372,411,2026-07-27 21:11:40,2499
373,701,2026-06-20 08:56:40,1999
374,6,2026-06-25 08:02:40,1499
375,446,2026-06-25 05:48:40,599
376,380,2026-06-24 22:34:40,2499
377,394,2026-08-04 23:13:40,1199
378,294,2026-08-29 05:21:40,499
379,656,2026-08-16 17:32:40,599
380,871,2026-09-06 19:50:40,599
381,35,2026-08-29 20:05:40,2499
382,238,2026-08-31 09:15:40,299
383,369,2026-07-14 23:32:40,499
384,89,2026-07-19 15:54:40,1999
385,405,2026-08-04 21:44:40,1199
386,16,2026-06-22 06:07:40,699
387,744,2026-08-24 21:54:40,799
388,987,2026-07-19 11:10:40,599
389,466,2026-08-04 21:32:40,699
390,180,2026-08-05 19:38:40,1199
391,75,2026-08-17 12:53:40,399
392,823,2026-08-18 12:28:40,1199
393,833,2026-08-26 12:16:40,999
394,990,2026-08-01 22:02:40,2999
395,250,2026-07-27 18:15:40,999
396,919,2026-08-28 04:02:40,399
397,265,2026-06-22 16:12:40,2999
398,226,2026-09-09 01:46:40,2999
399,324,2026-08-05 15:05:40,1199
400,10,2026-09-11 11:47:40,699
401,96,2026-08-05 01:19:40,799
402,78,2026-08-23 09:02:40,799
403,363,2026-07-11 21:49:40,499
404,970,2026-09-09 10:03:40,2499
405,205,2026-07-15 02:47:40,699
406,212,2026-07-13 10:25:40,599
407,857,2026-09-01 14:41:40,2999
408,110,2026-06-29 06:15:40,1999
409,505,2026-08-31 04:20:40,1199
410,981,2026-06-19 18:55:40,1499
411,323,2026-08-16 22:27:40,699
412,503,2026-07-07 19:49:40,899
413,228,2026-08-26 07:35:40,1199
414,819,2026-08-07 19:06:40,299
415,515,2026-07-28 16:27:40,1999
416,795,2026-07-06 17:39:40,2499
417,531,2026-08-11 14:16:40,299
418,13,2026-09-08 09:56:40,1499
419,104,2026-07-25 15:11:40,699
420,192,2026-08-23 11:47:40,699
421,483,2026-08-31 13:55:40,499
422,511,2026-08-07 09:58:40,2499
423,771,2026-07-31 15:26:40,899
424,287,2026-08-10 09:08:40,499
425,590,2026-09-09 11:24:40,399
426,739,2026-07-18 11:07:40,899
427,877,2026-08-01 09:41:40,2999
428,983,2026-07-03 19:23:40,299
429,181,2026-08-06 18:40:40,1999
430,530,2026-08-22 02:52:40,2999
431,499,2026-07-22 12:07:40,1499
432,49,2026-08-03 07:16:40,499
433,62,2026-07-11 12:02:40,1999
434,99,2026-08-11 02:53:40,699
435,370,2026-07-30 21:07:40,2999
436,264,2026-07-28 03:58:40,399
437,360,2026-09-08 22:44:40,1499
438,590,2026-09-06 00:06:40,499
439,800,2026-07-20 14:52:40,1999
440,523,2026-08-16 03:00:40,399
441,391,2026-08-31 13:01:40,1999
442,980,2026-07-02 09:12:40,2999
443,951,2026-07-27 17:12:40,1499
444,586,2026-08-04 05:37:40,499
445,352,2026-07-13 13:52:40,1999
446,299,2026-07-18 23:13:40,899
447,278,2026-08-09 15:19:40,1499
448,534,2026-08-10 16:42:40,499
449,875,2026-06-16 08:18:40,599
450,678,2026-07-17 03:16:40,2499
451,82,2026-07-10 08:57:40,399
452,98,2026-06-22 19:07:40,299
453,27,2026-08-03 20:20:40,399
454,107,2026-07-17 22:41:40,399
455,671,2026-08-02 12:46:40,599
456,756,2026-07-20 18:12:40,499
457,135,2026-08-20 08:33:40,299
458,680,2026-07-29 14:27:40,999
459,479,2026-08-22 12:07:40,999
460,139,2026-09-11 20:43:40,1499
461,612,2026-08-12 00:19:40,1999
462,899,2026-08-25 17:05:40,1999
463,655,2026-08-21 13:30:40,799
464,494,2026-08-22 11:23:40,399
465,453,2026-07-23 14:58:40,699
466,160,2026-07-22 03:32:40,1199
467,835,2026-07-01 14:50:40,999
468,548,2026-06-16 02:31:40,999
469,970,2026-08-14 12:32:40,2999
470,441,2026-07-21 22:46:40,2999
471,8,2026-08-23 14:44:40,899
472,904,2026-08-24 16:57:40,599
473,168,2026-09-04 16:25:40,899
474,226,2026-07-17 05:59:40,1999
475,246,2026-08-19 23:23:40,2499
476,702,2026-07-18 13:13:40,2499
477,545,2026-07-18 16:44:40,399
478,187,2026-07-01 12:39:40,1999
479,467,2026-09-01 17:49:40,2499
480,638,2026-08-15 09:52:40,299
481,156,2026-06-20 20:33:40,499
482,996,2026-06-27 12:49:40,499
483,733,2026-08-10 02:32:40,599
484,93,2026-07-03 04:03:40,599
485,351,2026-08-06 13:22:40,2999
486,511,2026-07-31 18:16:40,2999
487,33,2026-07-26 06:25:40,2999
488,975,2026-07-02 04:49:40,2999
489,402,2026-06-23 21:02:40,499
490,197,2026-07-16 16:25:40,299
491,125,2026-07-15 16:21:40,999
492,254,2026-06-18 10:01:40,2499
493,790,2026-06-26 20:14:40,599
494,485,2026-08-03 00:51:40,799
495,163,2026-09-03 02:34:40,2499
496,960,2026-08-23 19:39:40,699
497,493,2026-09-03 12:44:40,799
498,909,2026-06-21 00:45:40,399
499,242,2026-09-03 16:52:40,299
500,172,2026-07-19 21:39:40,899
501,809,2026-07-15 03:34:40,1499
502,803,2026-09-10 19:16:40,1499
503,159,2026-07-31 05:47:40,499
504,512,2026-06-26 01:11:40,799
505,954,2026-09-02 04:35:40,799
506,661,2026-07-04 02:06:40,2999
507,110,2026-06-30 18:46:40,799
508,572,2026-09-04 15:23:40,999
509,751,2026-07-08 04:16:40,899
510,367,2026-07-01 12:29:40,299
511,497,2026-08-09 20:50:40,1199
512,714,2026-08-15 10:08:40,499
513,557,2026-07-28 14:18:40,999
514,282,2026-08-29 20:42:40,399
515,544,2026-07-03 17:50:40,699
516,555,2026-07-30 17:32:40,2999
517,654,2026-08-17 16:18:40,499
518,905,2026-06-16 23:26:40,799
519,795,2026-09-01 10:52:40,2499
520,65,2026-09-06 21:24:40,899
521,195,2026-08-21 01:03:40,2999
522,565,2026-07-03 22:50:40,799
523,420,2026-09-04 13:39:40,399
524,536,2026-09-06 05:34:40,499
525,183,2026-06-18 09:38:40,999
526,197,2026-06-26 05:08:40,1999
527,857,2026-08-03 01:03:40,1199
528,639,2026-09-11 21:48:40,299
529,376,2026-07-12 23:17:40,399
530,14,2026-07-11 00:03:40,399
531,480,2026-09-03 04:55:40,1199
532,762,2026-08-06 15:22:40,2499
533,60,2026-08-31 12:05:40,299
534,752,2026-06-23 12:36:40,599
535,984,2026-08-19 06:38:40,2499
536,237,2026-08-21 15:44:40,599
537,539,2026-09-06 11:08:40,1999
538,971,2026-07-06 21:19:40,1199
539,426,2026-06-28 00:08:40,799
540,691,2026-08-12 02:14:40,899
541,905,2026-06-27 09:22:40,499
542,564,2026-08-04 19:53:40,1999
543,162,2026-08-21 23:00:40,799
544,925,2026-07-24 20:52:40,799
545,423,2026-09-03 17:24:40,2499
546,332,2026-08-30 11:08:40,1199
547,220,2026-08-01 21:31:40,2499
548,261,2026-07-30 18:00:40,899
549,1,2026-06-18 13:10:40,299
550,531,2026-07-01 12:32:40,699
551,228,2026-07-11 13:33:40,2999
552,842,2026-09-10 12:30:40,1199
553,524,2026-08-24 22:31:40,1499
554,159,2026-06-26 05:01:40,799
555,160,2026-07-01 11:55:40,1499
556,256,2026-07-13 12:23:40,699
557,95,2026-08-26 16:08:40,599
558,752,2026-06-24 02:52:40,2999
559,495,2026-07-06 19:24:40,2499
560,720,2026-08-26 07:10:40,1999
561,308,2026-06-19 03:23:40,1499
562,391,2026-06-24 05:30:40,2999
563,343,2026-07-28 16:58:40,399
564,891,2026-07-14 03:13:40,1499
565,951,2026-06-16 00:21:40,1999
566,392,2026-06-20 13:05:40,299
567,327,2026-08-22 21:41:40,799
568,515,2026-09-11 10:41:40,299
569,690,2026-08-03 18:20:40,1499
570,590,2026-08-17 05:46:40,899
571,297,2026-08-03 07:40:40,799
572,85,2026-08-13 22:19:40,299
573,562,2026-08-04 11:37:40,899
574,514,2026-08-09 01:40:40,2999
575,139,2026-08-14 20:44:40,999
576,405,2026-09-05 21:44:40,1199
577,631,2026-08-20 10:47:40,399
578,273,2026-08-08 14:15:40,1499
579,92,2026-06-29 00:58:40,899
580,375,2026-07-28 09:52:40,799
581,609,2026-09-05 04:21:40,699
582,174,2026-07-28 23:24:40,2999
583,453,2026-09-01 08:00:40,299
584,947,2026-07-13 10:15:40,799
585,160,2026-06-24 07:19:40,299
586,249,2026-09-01 08:27:40,699
587,15,2026-07-28 02:23:40,399
588,313,2026-08-10 18:33:40,799
589,215,2026-08-21 09:45:40,1199
590,536,2026-07-17 21:02:40,1499
591,748,2026-07-03 02:16:40,1999
592,19,2026-08-01 22:29:40,1999
593,540,2026-06-19 11:42:40,299
594,291,2026-07-10 02:11:40,699
595,55,2026-08-12 23:32:40,399
596,398,2026-09-06 12:14:40,1999
597,369,2026-06-27 03:50:40,1999
598,396,2026-07-13 16:04:40,2499
599,102,2026-07-24 19:27:40,1499
600,545,2026-06-25 08:44:40,1199
601,990,2026-08-11 21:31:40,2499
602,23,2026-06-19 11:31:40,1199
603,313,2026-07-26 18:57:40,2499
604,161,2026-06-16 15:15:40,799
605,364,2026-09-02 12:47:40,1199
606,283,2026-06-21 23:48:40,899
607,912,2026-06-17 20:49:40,599
608,156,2026-07-27 16:14:40,499
609,90,2026-08-01 20:15:40,1499
610,894,2026-09-03 00:46:40,899
611,247,2026-08-26 07:59:40,699
612,932,2026-08-30 14:00:40,1199
613,135,2026-07-10 23:40:40,1499
614,555,2026-09-09 10:27:40,499
615,317,2026-09-11 02:29:40,1199
616,932,2026-07-01 17:30:40,2999
617,149,2026-09-05 22:30:40,499
618,326,2026-06-22 21:06:40,2499
619,122,2026-07-07 14:25:40,499
620,745,2026-06-17 14:28:40,899
621,985,2026-08-05 13:00:40,2499
622,957,2026-09-04 02:49:40,499
623,798,2026-07-08 06:40:40,499
624,27,2026-08-31 22:49:40,1499
625,581,2026-08-31 11:10:40,599
626,237,2026-09-09 03:54:40,399
627,705,2026-08-14 08:04:40,1499
628,481,2026-09-05 14:43:40,899
629,504,2026-08-13 07:42:40,599
630,232,2026-06-18 17:20:40,299
631,948,2026-07-18 16:46:40,2499
632,688,2026-07-09 09:36:40,499
633,950,2026-08-09 23:03:40,2499
634,333,2026-08-11 10:59:40,899
635,795,2026-06-19 23:19:40,899
636,738,2026-07-24 16:11:40,2499
637,586,2026-08-29 21:05:40,1999
638,897,2026-06-18 19:38:40,999
639,468,2026-06-19 11:05:40,1199
640,406,2026-06-19 20:56:40,1199
641,784,2026-09-02 04:44:40,699
642,451,2026-08-03 13:21:40,699
643,473,2026-07-05 16:50:40,1499
644,942,2026-06-21 02:05:40,499
645,475,2026-09-04 17:37:40,2499
646,513,2026-06-28 09:21:40,1499
647,961,2026-09-11 20:40:40,899
648,424,2026-07-25 17:33:40,499
649,465,2026-08-29 02:29:40,599
650,904,2026-08-11 05:48:40,799
651,709,2026-09-06 02:22:40,499
652,736,2026-06-29 05:39:40,2499
653,461,2026-09-03 14:37:40,1199
654,725,2026-08-03 03:22:40,1199
655,627,2026-07-04 16:07:40,899
656,45,2026-07-05 14:08:40,1999
657,884,2026-07-03 09:27:40,499
658,184,2026-06-20 16:51:40,699
659,748,2026-08-10 13:12:40,499
660,121,2026-06-30 09:32:40,1499
661,784,2026-07-16 04:01:40,999
662,876,2026-08-16 21:23:40,299
663,623,2026-08-16 10:45:40,1499
664,676,2026-08-13 17:58:40,999
665,82,2026-08-29 22:32:40,599
666,904,2026-08-23 12:11:40,1999
667,571,2026-07-10 04:43:40,499
668,57,2026-09-05 14:34:40,499
669,875,2026-06-19 01:08:40,1499
670,306,2026-07-26 05:35:40,399
671,427,2026-07-06 09:15:40,699
672,626,2026-09-07 02:16:40,1499
673,587,2026-08-24 09:01:40,2499
674,593,2026-07-30 04:37:40,2999
675,307,2026-07-25 15:29:40,899
676,840,2026-06-22 17:25:40,1199
677,67,2026-07-21 18:40:40,399
678,712,2026-07-19 14:05:40,899
679,538,2026-07-11 01:45:40,1499
680,60,2026-06-27 22:18:40,1999
681,542,2026-06-25 19:18:40,2499
682,620,2026-07-20 17:10:40,799
683,266,2026-08-20 22:11:40,799
684,950,2026-06-30 23:08:40,999
685,533,2026-09-02 19:03:40,2999
686,185,2026-08-31 11:17:40,699
687,199,2026-06-14 06:33:40,999
688,641,2026-06-30 03:26:40,599
689,819,2026-08-31 16:58:40,299
690,342,2026-07-28 21:23:40,1999
691,218,2026-06-15 23:44:40,2499
692,289,2026-07-16 05:51:40,699
693,519,2026-08-23 14:21:40,299
694,117,2026-09-09 13:53:40,899
695,742,2026-08-25 22:33:40,499
696,199,2026-07-26 14:31:40,1999
697,491,2026-08-13 05:13:40,499
698,494,2026-07-04 00:01:40,1199
699,918,2026-07-26 18:22:40,899
700,951,2026-06-21 19:51:40,1499
701,743,2026-09-08 14:07:40,1199
702,20,2026-07-10 22:15:40,799
703,819,2026-07-29 05:41:40,699
704,861,2026-06-17 13:56:40,1999
705,548,2026-07-05 22:10:40,899
706,192,2026-08-29 07:27:40,2999
707,770,2026-07-24 02:26:40,799
708,727,2026-06-18 11:58:40,399
709,509,2026-07-14 15:00:40,699
710,222,2026-08-20 12:43:40,399
711,384,2026-06-18 10:30:40,399
712,455,2026-08-17 04:23:40,999
713,927,2026-08-17 07:44:40,799
714,946,2026-08-15 03:27:40,1199
715,318,2026-07-25 08:21:40,399
716,842,2026-08-20 00:40:40,599
717,742,2026-06-18 17:56:40,2499
718,886,2026-08-19 06:32:40,699
719,955,2026-06-20 01:26:40,1499
720,893,2026-06-25 14:01:40,299
721,106,2026-08-20 01:19:40,699
722,24,2026-08-26 13:12:40,599
723,329,2026-07-09 09:50:40,699
724,546,2026-07-24 18:14:40,399
725,280,2026-07-03 08:49:40,399
726,16,2026-09-01 21:04:40,399
727,212,2026-08-22 15:07:40,799
728,278,2026-07-03 02:23:40,699
729,588,2026-07-15 08:36:40,699
730,628,2026-07-27 21:00:40,299
731,134,2026-06-17 19:29:40,1999
732,52,2026-06-27 15:35:40,399
733,437,2026-08-03 09:17:40,1499
734,913,2026-08-29 00:25:40,2499
735,717,2026-08-10 22:54:40,699
736,341,2026-07-10 02:20:40,1999
737,829,2026-08-21 06:31:40,2999
738,783,2026-08-12 21:40:40,399
739,833,2026-09-11 17:38:40,999
740,318,2026-09-10 00:17:40,2999
741,477,2026-08-13 10:46:40,499
742,882,2026-08-31 12:30:40,799
743,402,2026-07-08 02:30:40,1999
744,339,2026-07-25 18:03:40,299
745,67,2026-08-13 06:54:40,999
746,473,2026-07-05 13:21:40,799
747,619,2026-08-26 08:04:40,399
748,416,2026-06-27 14:07:40,1999
749,73,2026-07-22 21:01:40,899
750,605,2026-08-05 11:11:40,599
751,562,2026-07-04 18:56:40,399
752,349,2026-07-11 02:09:40,899
753,804,2026-08-08 22:22:40,799
754,558,2026-09-10 10:43:40,1999
755,686,2026-06-24 03:31:40,2499
756,588,2026-08-15 07:09:40,1499
757,475,2026-07-25 20:38:40,999
758,181,2026-07-23 15:36:40,1499
759,112,2026-09-09 23:21:40,899
760,336,2026-08-17 00:14:40,299
761,93,2026-07-11 08:28:40,1499
762,925,2026-09-03 04:20:40,499
763,677,2026-07-03 18:06:40,699
764,400,2026-08-31 22:00:40,599
765,211,2026-09-09 13:51:40,1499
766,814,2026-09-08 13:30:40,899
767,736,2026-07-28 06:09:40,299
768,627,2026-08-18 16:26:40,499
769,873,2026-07-21 04:55:40,1199
770,992,2026-06-20 04:17:40,1199
771,841,2026-07-29 07:27:40,699
772,887,2026-06-17 10:59:40,2499
773,605,2026-08-03 23:52:40,2499
774,392,2026-08-04 15:59:40,1199
775,217,2026-09-06 09:02:40,499
776,193,2026-08-24 16:25:40,799
777,861,2026-08-06 07:50:40,1999
778,129,2026-07-01 03:36:40,1999
779,17,2026-07-03 03:28:40,999
780,674,2026-08-08 07:37:40,499
781,658,2026-08-06 18:29:40,2999
782,713,2026-08-30 17:11:40,499
783,466,2026-08-18 17:07:40,999
784,394,2026-07-29 10:43:40,899
785,620,2026-06-14 22:03:40,2499
786,243,2026-08-17 11:58:40,1199
787,591,2026-07-30 04:34:40,1499
788,495,2026-07-31 07:09:40,999
789,985,2026-09-10 05:41:40,2499
790,749,2026-08-20 12:01:40,1199
791,81,2026-08-19 22:37:40,599
792,484,2026-09-03 03:14:40,1999
793,80,2026-09-10 00:06:40,2999
794,594,2026-07-23 22:35:40,799
795,548,2026-06-15 19:01:40,1199
796,928,2026-08-13 22:18:40,799
797,432,2026-07-29 12:50:40,499
798,37,2026-09-10 23:19:40,699
799,745,2026-08-25 11:35:40,1999
800,485,2026-08-27 09:08:40,299
801,673,2026-07-22 03:11:40,299
802,294,2026-08-15 05:40:40,1199
803,79,2026-07-19 11:40:40,1499
804,288,2026-07-19 11:32:40,2499
805,115,2026-08-30 09:30:40,1499
806,757,2026-07-04 01:00:40,799
807,828,2026-07-06 12:22:40,2499
808,242,2026-08-15 09:23:40,1199
809,883,2026-06-18 13:37:40,499
810,610,2026-07-03 19:20:40,899
811,789,2026-08-02 11:14:40,999
812,744,2026-09-03 08:45:40,1499
813,752,2026-07-28 05:13:40,699
814,774,2026-06-28 04:42:40,999
815,409,2026-08-13 13:02:40,2499
816,972,2026-08-21 10:56:40,1999
817,723,2026-08-02 18:48:40,499
818,544,2026-08-08 03:50:40,2999
819,460,2026-08-02 00:52:40,1199
820,700,2026-06-19 07:30:40,1199
821,653,2026-07-29 17:11:40,1999
822,879,2026-07-18 13:49:40,699
823,822,2026-06-26 12:13:40,1499
824,401,2026-08-13 01:19:40,599
825,752,2026-09-08 22:21:40,599
826,533,2026-07-28 01:16:40,499
827,321,2026-08-23 04:15:40,299
828,852,2026-06-22 03:58:40,399
829,538,2026-06-28 01:00:40,799
830,225,2026-07-20 11:44:40,299
831,25,2026-09-01 05:35:40,1499
832,673,2026-07-11 23:12:40,399
833,726,2026-06-29 06:26:40,1499
834,134,2026-08-02 01:20:40,1999
835,580,2026-07-07 07:16:40,499
836,260,2026-07-21 18:14:40,399
837,655,2026-08-11 12:21:40,899
838,709,2026-09-07 13:48:40,499
839,800,2026-06-23 12:21:40,299
840,392,2026-08-02 13:35:40,699
841,979,2026-07-17 09:00:40,399
842,504,2026-07-09 22:57:40,499
843,661,2026-08-15 06:41:40,1199
844,788,2026-08-08 10:11:40,1999
845,109,2026-08-10 01:48:40,399
846,36,2026-06-23 06:08:40,2499
847,257,2026-08-10 04:29:40,999
848,153,2026-09-05 23:32:40,299
849,681,2026-08-02 11:41:40,2499
850,338,2026-08-03 21:32:40,1199
851,725,2026-08-15 18:59:40,899
852,865,2026-06-22 20:46:40,299
853,394,2026-09-10 18:39:40,1499
854,549,2026-07-29 14:15:40,699
855,411,2026-06-22 00:13:40,399
856,375,2026-08-21 13:37:40,999
857,779,2026-07-21 23:44:40,499
858,568,2026-06-19 16:14:40,599
859,307,2026-09-11 16:29:40,399
860,646,2026-09-10 15:03:40,399
861,907,2026-09-02 18:19:40,599
862,144,2026-06-18 09:33:40,2499
863,608,2026-07-14 18:56:40,399
864,812,2026-08-22 23:51:40,999
865,547,2026-08-10 03:34:40,799
866,58,2026-07-28 02:34:40,899
867,122,2026-07-12 00:14:40,1199
868,470,2026-09-08 20:41:40,2499
869,594,2026-07-13 05:34:40,2499
870,145,2026-08-15 23:33:40,999
871,929,2026-09-01 04:47:40,2499
872,665,2026-06-30 03:43:40,1999
873,52,2026-07-23 07:01:40,1499
874,175,2026-08-28 06:24:40,399
875,117,2026-08-16 23:23:40,1499
876,226,2026-06-22 09:59:40,799
877,831,2026-09-08 15:52:40,399
878,1000,2026-09-09 22:06:40,499
879,330,2026-07-11 05:09:40,499
880,344,2026-06-22 06:49:40,499
881,776,2026-08-06 09:16:40,799
882,567,2026-07-05 17:47:40,1499
883,42,2026-07-01 07:22:40,1999
884,628,2026-08-01 08:33:40,999
885,83,2026-06-14 03:43:40,399
886,724,2026-09-05 22:28:40,699
887,427,2026-09-10 19:16:40,499
888,212,2026-07-02 23:49:40,1199
889,462,2026-08-05 10:43:40,1499
890,709,2026-06-18 22:43:40,2499
891,512,2026-08-31 06:12:40,2999
892,309,2026-07-28 16:32:40,1199
893,242,2026-07-08 07:05:40,399
894,634,2026-07-30 21:04:40,599
895,476,2026-09-03 00:45:40,699
896,55,2026-07-08 07:22:40,499
897,702,2026-08-13 18:43:40,499
898,687,2026-06-19 05:13:40,799
899,292,2026-07-10 16:48:40,799
900,632,2026-08-11 04:38:40,2499
901,54,2026-08-21 08:42:40,2999
902,30,2026-08-15 19:39:40,399
903,917,2026-07-15 03:00:40,1499
904,594,2026-07-25 16:44:40,2499
905,694,2026-07-25 11:21:40,399
906,334,2026-07-13 06:47:40,2499
907,423,2026-07-09 16:29:40,599
908,76,2026-08-13 22:03:40,299
909,912,2026-08-08 07:45:40,1499
910,466,2026-07-06 15:55:40,499
911,469,2026-07-08 23:54:40,699
912,208,2026-07-26 07:34:40,2499
913,583,2026-06-21 11:40:40,399
914,873,2026-08-12 17:58:40,499
915,779,2026-07-27 11:28:40,699
916,619,2026-07-05 00:11:40,499
917,592,2026-08-23 10:37:40,899
918,878,2026-08-19 19:27:40,599
919,606,2026-08-13 17:49:40,299
920,748,2026-08-08 03:27:40,599
921,254,2026-07-25 17:09:40,599
922,914,2026-08-28 08:30:40,1499
923,920,2026-06-14 16:34:40,299
924,482,2026-08-17 04:59:40,1199
925,404,2026-08-15 02:24:40,399
926,464,2026-08-16 10:37:40,1199
927,772,2026-06-16 02:18:40,899
928,973,2026-07-11 07:54:40,699
929,245,2026-09-04 05:33:40,999
930,686,2026-07-23 09:17:40,999
931,879,2026-08-27 03:09:40,299
932,1000,2026-08-11 18:21:40,499
933,896,2026-08-04 09:22:40,799
934,642,2026-08-13 02:12:40,299
935,882,2026-09-02 05:56:40,2499
936,341,2026-08-20 04:50:40,899
937,771,2026-07-19 02:11:40,1199
938,590,2026-07-11 00:37:40,1499
939,902,2026-07-27 03:31:40,299
940,528,2026-09-08 15:28:40,299
941,114,2026-08-02 15:01:40,1499
942,42,2026-07-30 14:43:40,1999
943,573,2026-06-22 21:17:40,2999
944,210,2026-07-01 13:47:40,1199
945,117,2026-09-05 19:19:40,2999
946,595,2026-09-11 10:20:40,2499
947,780,2026-07-12 13:54:40,699
948,516,2026-09-09 16:49:40,299
949,65,2026-07-31 15:00:40,999
950,514,2026-08-20 07:02:40,2499
951,545,2026-09-08 21:29:40,699
952,463,2026-09-01 15:23:40,1999
953,969,2026-09-10 05:44:40,999
954,90,2026-06-24 16:29:40,499
955,296,2026-06-23 06:42:40,699
956,115,2026-09-11 08:03:40,499
957,896,2026-07-10 20:12:40,299
958,301,2026-08-07 01:06:40,499
959,486,2026-07-28 17:00:40,2499
960,661,2026-06-16 12:44:40,399
961,23,2026-07-13 20:13:40,799
962,422,2026-08-27 14:13:40,1999
963,806,2026-07-25 19:09:40,1999
964,714,2026-08-20 21:00:40,999
965,312,2026-08-25 08:29:40,2999
966,314,2026-07-05 11:46:40,999
967,381,2026-07-20 04:41:40,799
968,292,2026-08-11 09:11:40,499
969,729,2026-08-21 12:43:40,499
970,860,2026-09-11 01:22:40,499
971,166,2026-07-14 06:34:40,799
972,589,2026-06-30 17:48:40,799
973,189,2026-07-10 21:17:40,299
974,682,2026-07-24 14:41:40,799
975,460,2026-08-22 09:06:40,699
976,125,2026-06-17 16:31:40,999
977,787,2026-07-02 18:31:40,799
978,160,2026-06-15 03:06:40,1199
979,340,2026-09-05 01:50:40,999
980,918,2026-07-21 22:14:40,499
981,819,2026-08-26 03:30:40,999
982,347,2026-09-10 07:18:40,999
983,922,2026-06-19 08:15:40,1199
984,120,2026-07-23 03:57:40,1499
985,862,2026-07-12 17:54:40,399
986,335,2026-06-21 23:13:40,599
987,598,2026-08-20 11:22:40,2999
988,285,2026-07-09 03:37:40,1199
989,870,2026-08-11 01:14:40,399
990,1000,2026-08-18 15:44:40,999
991,326,2026-08-30 23:04:40,299
992,931,2026-09-07 14:57:40,499
993,734,2026-08-07 14:56:40,799
994,13,2026-07-20 14:54:40,699
995,457,2026-08-24 05:45:40,2499
996,910,2026-08-10 02:58:40,2999
997,454,2026-07-20 09:23:40,2499
998,994,2026-08-08 03:29:40,899
999,143,2026-08-28 22:37:40,499
1000,213,2026-07-22 19:27:40,1199
1001,344,2026-06-22 22:20:40,899
1002,91,2026-06-14 17:12:40,699
1003,425,2026-07-06 21:01:40,2499
1004,582,2026-07-01 09:43:40,899
1005,297,2026-08-23 18:34:40,699
1006,855,2026-08-27 13:03:40,1199
1007,758,2026-08-12 10:33:40,2999
1008,3,2026-07-03 11:51:40,1999
1009,855,2026-09-03 18:39:40,1999
1010,682,2026-07-20 16:43:40,999
1011,929,2026-09-10 23:47:40,299
1012,123,2026-07-19 18:36:40,1499
1013,764,2026-07-30 22:02:40,1499
1014,447,2026-07-18 00:15:40,999
1015,998,2026-09-10 06:55:40,1199
1016,751,2026-08-26 04:26:40,699
1017,167,2026-08-27 04:41:40,799
1018,473,2026-09-10 07:54:40,499
1019,55,2026-07-18 14:58:40,1999
1020,934,2026-07-29 04:50:40,699
1021,543,2026-09-03 06:04:40,599
1022,785,2026-09-02 09:20:40,399
1023,614,2026-07-05 20:52:40,799
1024,847,2026-09-09 12:49:40,1999
1025,715,2026-09-10 14:38:40,1199
1026,594,2026-07-29 07:32:40,499
1027,531,2026-07-20 15:21:40,999
1028,422,2026-07-27 08:38:40,599
1029,159,2026-08-17 11:25:40,599
1030,815,2026-08-24 23:16:40,1199
1031,867,2026-08-22 02:07:40,2499
1032,775,2026-06-28 17:01:40,399
1033,120,2026-06-30 04:02:40,799
1034,320,2026-09-10 14:40:40,999
1035,912,2026-08-29 20:20:40,799
1036,177,2026-07-22 04:19:40,399
1037,228,2026-07-01 01:41:40,2499
1038,233,2026-07-23 07:45:40,499
1039,81,2026-08-08 02:20:40,2999
1040,115,2026-06-23 04:21:40,999
1041,776,2026-08-08 04:44:40,399
1042,34,2026-09-06 20:09:40,299
1043,481,2026-06-29 11:34:40,399
1044,309,2026-09-07 04:20:40,399
1045,802,2026-06-29 22:45:40,1499
1046,923,2026-07-09 09:14:40,799
1047,30,2026-06-25 08:26:40,2499
1048,965,2026-07-19 21:54:40,799
1049,165,2026-08-18 03:11:40,599
1050,518,2026-08-25 05:38:40,1499
1051,782,2026-06-15 19:45:40,2499
1052,197,2026-07-20 09:29:40,2999
1053,551,2026-06-15 02:38:40,599
1054,943,2026-08-18 02:02:40,799
1055,715,2026-08-28 09:00:40,1999
1056,981,2026-06-27 09:25:40,799
1057,389,2026-08-07 10:04:40,599
1058,418,2026-06-28 13:39:40,999
1059,113,2026-08-19 08:03:40,2999
1060,370,2026-07-20 21:18:40,299
1061,85,2026-07-25 18:39:40,899
1062,291,2026-08-11 23:19:40,699
1063,704,2026-08-09 11:07:40,899
1064,298,2026-08-07 10:26:40,399
1065,917,2026-08-14 00:55:40,499
1066,14,2026-09-08 19:15:40,399
1067,406,2026-08-09 20:14:40,1999
1068,88,2026-06-29 07:57:40,899
1069,712,2026-08-28 07:19:40,499
1070,67,2026-07-30 09:53:40,599
1071,610,2026-08-04 06:46:40,899
1072,743,2026-08-16 12:20:40,2499
1073,785,2026-08-27 21:49:40,2999
1074,809,2026-09-04 15:54:40,999
1075,683,2026-08-30 16:03:40,1199
1076,286,2026-07-02 17:38:40,399
1077,257,2026-08-15 18:46:40,1999
1078,966,2026-07-01 03:38:40,2499
1079,55,2026-06-22 19:15:40,299
1080,996,2026-07-06 16:10:40,1999
1081,335,2026-07-03 13:11:40,1499
1082,99,2026-06-24 01:20:40,1199
1083,786,2026-08-16 17:44:40,699
1084,678,2026-08-16 19:04:40,699
1085,556,2026-07-27 21:06:40,299
1086,976,2026-06-18 17:28:40,399
1087,393,2026-08-10 14:26:40,899
1088,454,2026-08-11 04:34:40,499
1089,571,2026-09-06 13:28:40,2499
1090,169,2026-08-15 16:40:40,699
1091,733,2026-08-02 19:20:40,399
1092,583,2026-09-08 19:14:40,1199
1093,702,2026-08-22 22:02:40,999
1094,576,2026-07-04 19:35:40,899
1095,270,2026-08-16 21:56:40,1499
1096,693,2026-07-29 12:52:40,299
1097,29,2026-08-28 04:40:40,799
1098,358,2026-08-27 04:20:40,1999
1099,350,2026-08-01 06:59:40,799
1100,366,2026-08-05 14:35:40,1999
1101,251,2026-07-15 11:13:40,699
1102,607,2026-06-25 01:36:40,699
1103,118,2026-07-27 08:33:40,1199
1104,334,2026-06-18 18:14:40,899
1105,582,2026-08-18 16:49:40,299
1106,713,2026-08-13 21:33:40,799
1107,387,2026-08-26 15:52:40,1499
1108,101,2026-08-15 07:16:40,1999
1109,211,2026-07-27 19:04:40,2999
1110,784,2026-09-07 13:42:40,1499
1111,307,2026-07-30 16:44:40,999
1112,651,2026-06-23 20:45:40,699
1113,272,2026-06-20 13:08:40,899
1114,824,2026-07-12 23:19:40,399
1115,735,2026-08-27 07:09:40,799
1116,280,2026-06-22 22:23:40,1199
1117,487,2026-08-07 09:54:40,2999
1118,79,2026-09-05 13:04:40,2999
1119,308,2026-08-09 01:06:40,799
1120,205,2026-08-06 15:48:40,1499
1121,528,2026-08-12 01:20:40,1199
1122,185,2026-06-17 00:17:40,1199
1123,884,2026-07-07 22:03:40,599
1124,677,2026-08-12 12:31:40,1999
1125,546,2026-08-31 17:31:40,1499
1126,745,2026-09-02 05:05:40,599
1127,374,2026-08-12 07:47:40,499
1128,765,2026-09-09 13:26:40,899
1129,421,2026-07-24 06:12:40,599
1130,867,2026-08-05 12:24:40,699
1131,662,2026-07-04 12:15:40,1499
1132,242,2026-08-04 10:39:40,499
1133,197,2026-06-17 11:23:40,699
1134,476,2026-08-15 20:59:40,899
1135,663,2026-06-18 09:42:40,699
1136,140,2026-06-17 12:22:40,2999
1137,285,2026-09-06 20:43:40,1999
1138,873,2026-06-20 03:03:40,2999
1139,21,2026-06-21 05:52:40,1499
1140,306,2026-06-22 17:29:40,799
1141,688,2026-09-06 05:57:40,2499
1142,863,2026-07-01 10:39:40,1499
1143,753,2026-08-17 07:05:40,1999
1144,849,2026-08-27 19:48:40,999
1145,906,2026-06-25 11:10:40,399
1146,792,2026-07-24 14:25:40,1499
1147,755,2026-08-03 03:19:40,599
1148,958,2026-08-07 09:41:40,399
1149,180,2026-07-11 12:00:40,899
1150,261,2026-08-28 05:03:40,1199
1151,384,2026-09-11 06:52:40,1199
1152,434,2026-08-14 00:47:40,699
1153,901,2026-07-02 15:02:40,2499
1154,377,2026-07-23 04:13:40,1499
1155,36,2026-09-06 05:16:40,2999
1156,688,2026-07-14 12:07:40,899
1157,317,2026-09-04 01:55:40,2999
1158,702,2026-06-29 21:27:40,599
1159,879,2026-08-09 15:32:40,899
1160,950,2026-07-16 12:37:40,2999
1161,242,2026-07-22 10:27:40,499
1162,938,2026-08-09 23:52:40,2999
1163,786,2026-09-04 17:22:40,299
1164,281,2026-06-24 19:02:40,2499
1165,423,2026-07-27 01:59:40,399
1166,845,2026-07-05 01:48:40,1199
1167,68,2026-07-29 17:10:40,2499
1168,833,2026-08-24 02:52:40,999
1169,712,2026-06-17 05:13:40,1999
1170,189,2026-09-02 18:22:40,1999
1171,140,2026-06-14 15:44:40,1999
1172,313,2026-07-24 21:37:40,399
1173,162,2026-07-15 20:17:40,2999
1174,851,2026-09-05 08:26:40,1499
1175,703,2026-08-05 14:00:40,999
1176,895,2026-07-01 11:43:40,1999
1177,608,2026-07-25 12:44:40,399
1178,425,2026-07-31 08:57:40,899
1179,968,2026-08-26 10:33:40,299
1180,946,2026-08-25 00:11:40,1999
1181,235,2026-06-25 17:44:40,699
1182,719,2026-07-05 04:57:40,1499
1183,440,2026-08-29 11:41:40,399
1184,982,2026-07-31 09:08:40,399
1185,15,2026-08-20 17:21:40,999
1186,848,2026-09-08 18:39:40,599
1187,731,2026-07-10 10:27:40,2999
1188,273,2026-07-21 03:03:40,899
1189,134,2026-08-08 10:10:40,599
1190,844,2026-07-21 03:15:40,599
1191,429,2026-07-07 17:22:40,499
1192,30,2026-07-21 11:47:40,1499
1193,462,2026-07-15 15:09:40,1999
1194,663,2026-08-11 05:32:40,999
1195,137,2026-07-26 01:57:40,1999
1196,218,2026-08-03 01:59:40,2499
1197,612,2026-07-16 05:38:40,1199
1198,61,2026-06-20 14:31:40,599
1199,483,2026-07-29 23:14:40,2999
1200,613,2026-06-19 03:48:40,1199
1201,635,2026-08-01 12:57:40,1999
1202,380,2026-06-30 20:34:40,1499
1203,184,2026-07-17 09:04:40,999
1204,953,2026-07-27 17:40:40,399
1205,325,2026-08-20 16:41:40,699
1206,120,2026-07-24 04:40:40,999
1207,893,2026-07-20 02:55:40,899
1208,290,2026-07-17 23:25:40,2999
1209,949,2026-07-17 19:52:40,899
1210,915,2026-07-05 14:19:40,999
1211,783,2026-07-03 21:26:40,1999
1212,652,2026-08-09 04:44:40,499
1213,56,2026-07-13 08:34:40,999
1214,267,2026-07-05 02:01:40,899
1215,119,2026-08-16 05:00:40,799
1216,727,2026-08-24 19:01:40,999
1217,116,2026-07-02 06:54:40,399
1218,209,2026-07-20 09:25:40,499
1219,768,2026-08-18 12:08:40,1999
1220,600,2026-07-11 21:32:40,1199
1221,786,2026-08-26 08:58:40,399
1222,253,2026-08-17 00:38:40,799
1223,27,2026-07-21 01:15:40,399
1224,404,2026-07-31 22:31:40,399
1225,858,2026-07-25 07:33:40,399
1226,472,2026-09-06 19:01:40,1999
1227,979,2026-07-18 23:14:40,299
1228,338,2026-06-20 00:11:40,999
1229,333,2026-08-25 07:45:40,299
1230,821,2026-09-04 12:52:40,2999
1231,57,2026-06-23 21:10:40,899
1232,95,2026-08-04 11:43:40,599
1233,989,2026-08-04 05:33:40,599
1234,167,2026-08-02 15:50:40,1999
1235,771,2026-09-05 07:39:40,699
1236,503,2026-08-09 03:23:40,699
1237,926,2026-09-09 22:40:40,799
1238,682,2026-06-26 15:04:40,599
1239,502,2026-08-10 16:02:40,699
1240,577,2026-08-29 16:37:40,2999
1241,433,2026-07-31 22:43:40,899
1242,646,2026-08-07 05:34:40,1199
1243,350,2026-08-13 00:46:40,1999
1244,703,2026-07-03 19:05:40,1999
1245,663,2026-08-20 05:50:40,999
1246,448,2026-06-24 18:51:40,499
1247,131,2026-09-09 13:25:40,599
1248,536,2026-08-07 13:08:40,299
1249,565,2026-06-23 05:04:40,399
1250,523,2026-08-07 16:38:40,999
1251,677,2026-08-25 11:54:40,699
1252,600,2026-06-24 19:33:40,399
1253,759,2026-09-06 17:43:40,2999
1254,187,2026-08-03 04:37:40,899
1255,898,2026-07-22 14:09:40,2499
1256,466,2026-09-07 18:11:40,2999
1257,272,2026-07-27 08:45:40,499
1258,81,2026-08-30 12:27:40,1999
1259,109,2026-08-08 20:33:40,299
1260,405,2026-06-28 03:42:40,1999
1261,489,2026-08-12 01:57:40,1999
1262,989,2026-08-31 03:03:40,699
1263,634,2026-08-31 15:16:40,1999
1264,987,2026-09-11 00:57:40,2999
1265,310,2026-06-25 07:40:40,299
1266,196,2026-06-28 04:16:40,599
1267,880,2026-06-17 10:02:40,1999
1268,149,2026-09-05 10:59:40,1999
1269,879,2026-08-21 09:37:40,699
1270,789,2026-08-12 08:02:40,899
1271,23,2026-06-28 09:29:40,499
1272,757,2026-09-11 18:03:40,999
1273,21,2026-08-10 21:47:40,599
1274,302,2026-08-25 15:35:40,799
1275,9,2026-06-28 00:26:40,2499
1276,443,2026-08-06 19:19:40,1499
1277,611,2026-08-23 12:34:40,999
1278,410,2026-08-15 20:09:40,2499
1279,627,2026-09-08 18:46:40,2499
1280,63,2026-08-20 03:59:40,1499
1281,324,2026-08-23 05:49:40,1999
1282,428,2026-08-13 07:03:40,1499
1283,962,2026-09-04 15:00:40,2499
1284,447,2026-06-16 08:50:40,2499
1285,197,2026-08-13 15:00:40,599
1286,520,2026-07-12 22:30:40,1999
1287,348,2026-08-31 02:14:40,999
1288,135,2026-07-22 03:17:40,899
1289,983,2026-08-07 01:13:40,2499
1290,369,2026-08-13 09:11:40,599
1291,290,2026-09-11 02:37:40,1999
1292,495,2026-06-30 08:44:40,499
1293,621,2026-08-15 07:22:40,899
1294,966,2026-08-16 12:47:40,599
1295,571,2026-06-20 03:54:40,699
1296,366,2026-09-08 08:43:40,1199
1297,33,2026-06-22 13:59:40,399
1298,633,2026-07-13 07:07:40,599
1299,499,2026-07-17 14:22:40,799
1300,788,2026-06-19 20:49:40,499
1301,874,2026-09-10 20:10:40,1999
1302,107,2026-06-20 18:23:40,999
1303,986,2026-06-28 07:22:40,1499
1304,625,2026-06-27 20:34:40,1199
1305,108,2026-07-05 23:39:40,599
1306,933,2026-07-30 09:18:40,699
1307,726,2026-08-09 20:03:40,2499
1308,892,2026-06-26 08:13:40,799
1309,343,2026-07-01 07:26:40,599
1310,450,2026-08-06 03:47:40,2999
1311,486,2026-07-27 13:04:40,499
1312,88,2026-07-18 15:17:40,2999
1313,425,2026-07-31 00:14:40,599
1314,156,2026-08-20 17:22:40,599
1315,142,2026-08-07 17:30:40,899
1316,920,2026-08-11 20:22:40,1999
1317,371,2026-06-17 17:41:40,2999
1318,11,2026-08-19 05:37:40,799
1319,323,2026-08-04 08:59:40,299
1320,403,2026-06-19 01:31:40,1999
1321,155,2026-08-26 05:12:40,2499
1322,819,2026-09-06 19:50:40,899
1323,412,2026-09-10 02:07:40,699
1324,739,2026-07-24 14:32:40,699
1325,922,2026-08-20 23:30:40,499
1326,718,2026-08-04 18:13:40,599
1327,909,2026-08-22 23:22:40,1499
1328,668,2026-08-10 01:54:40,2999
1329,801,2026-09-05 16:21:40,599
1330,903,2026-07-22 05:34:40,1199
1331,343,2026-08-03 03:18:40,2499
1332,901,2026-06-30 20:06:40,699
1333,219,2026-06-25 20:07:40,699
1334,534,2026-07-27 23:42:40,299
1335,29,2026-08-22 21:48:40,599
1336,853,2026-07-23 02:59:40,1199
1337,114,2026-06-21 14:48:40,1999
1338,520,2026-07-29 06:35:40,2999
1339,667,2026-06-29 17:51:40,1499
1340,755,2026-06-14 17:53:40,599
1341,825,2026-08-27 22:17:40,1999
1342,682,2026-08-21 22:46:40,799
1343,307,2026-07-21 01:22:40,2499
1344,587,2026-09-08 08:17:40,899
1345,533,2026-07-15 06:52:40,1199
1346,597,2026-07-08 15:01:40,399
1347,151,2026-08-07 16:37:40,399
1348,64,2026-08-07 08:02:40,599
1349,457,2026-06-23 15:15:40,1199
1350,413,2026-08-28 21:05:40,2999
1351,405,2026-07-17 22:03:40,1999
1352,434,2026-08-10 02:31:40,999
1353,750,2026-08-06 08:41:40,1199
1354,131,2026-08-16 02:01:40,499
1355,992,2026-08-18 19:39:40,2499
1356,218,2026-08-11 18:34:40,2499
1357,161,2026-08-24 15:30:40,399
1358,617,2026-08-05 06:39:40,799
1359,586,2026-07-21 05:05:40,499
1360,121,2026-07-31 12:55:40,699
1361,302,2026-08-15 04:22:40,499
1362,146,2026-08-28 16:35:40,699
1363,911,2026-07-20 09:43:40,2499
1364,501,2026-06-14 07:07:40,799
1365,70,2026-06-19 17:02:40,1499
1366,318,2026-08-25 18:29:40,799
1367,801,2026-08-01 19:25:40,2499
1368,854,2026-08-30 08:20:40,499
1369,517,2026-09-03 18:20:40,999
1370,684,2026-08-10 08:27:40,2499
1371,334,2026-06-25 23:14:40,1499
1372,420,2026-08-02 11:29:40,899
1373,348,2026-08-22 05:14:40,999
1374,754,2026-07-19 23:37:40,499
1375,725,2026-06-17 22:12:40,2999
1376,791,2026-07-23 21:13:40,399
1377,660,2026-08-24 05:44:40,1499
1378,555,2026-08-26 05:08:40,1199
1379,194,2026-08-13 20:29:40,299
1380,124,2026-09-06 20:43:40,299
1381,282,2026-07-10 11:25:40,2499
1382,860,2026-08-27 17:37:40,2999
1383,547,2026-08-30 13:57:40,1499
1384,47,2026-08-15 03:53:40,899
1385,185,2026-08-06 04:27:40,1199
1386,325,2026-08-01 11:37:40,399
1387,102,2026-08-22 08:50:40,499
1388,188,2026-07-16 05:41:40,699
1389,976,2026-08-06 00:42:40,299
1390,630,2026-07-25 08:33:40,2499
1391,60,2026-07-22 15:38:40,799
1392,146,2026-08-05 13:48:40,899
1393,965,2026-06-29 04:44:40,599
1394,771,2026-08-29 21:47:40,999
1395,521,2026-08-17 15:39:40,699
1396,63,2026-07-24 18:07:40,899
1397,68,2026-08-14 03:58:40,1999
1398,240,2026-06-16 12:07:40,1499
1399,692,2026-06-26 11:20:40,1199
1400,668,2026-06-30 13:08:40,899
1401,457,2026-06-25 00:04:40,599
1402,802,2026-07-02 15:06:40,499
1403,801,2026-07-15 20:59:40,1199
1404,463,2026-06-19 04:24:40,999
1405,985,2026-09-01 13:13:40,499
1406,1,2026-06-21 18:49:40,1499
1407,257,2026-09-09 15:54:40,1999
1408,218,2026-08-27 19:50:40,299
1409,166,2026-08-21 21:36:40,699
1410,92,2026-08-04 01:39:40,499
1411,743,2026-08-24 12:28:40,899
1412,216,2026-08-31 20:23:40,799
1413,906,2026-09-09 14:12:40,699
1414,771,2026-08-10 11:47:40,1999
1415,330,2026-07-27 10:01:40,1499
1416,337,2026-06-17 01:40:40,1999
1417,945,2026-06-14 23:02:40,299
1418,924,2026-06-16 00:43:40,899
1419,570,2026-09-12 02:03:40,2999
1420,403,2026-08-21 06:22:40,1999
1421,667,2026-06-23 20:33:40,1999
1422,456,2026-09-08 06:54:40,899
1423,848,2026-08-29 14:56:40,499
1424,860,2026-09-11 03:39:40,999
1425,380,2026-07-08 17:32:40,599
1426,761,2026-06-16 12:15:40,2499
1427,367,2026-07-08 06:24:40,1499
1428,641,2026-07-23 01:46:40,599
1429,506,2026-07-30 04:49:40,999
1430,927,2026-08-30 09:32:40,599
1431,841,2026-09-03 15:39:40,699
1432,583,2026-08-17 18:42:40,1199
1433,199,2026-09-07 03:08:40,1999
1434,699,2026-08-30 21:43:40,399
1435,603,2026-07-01 02:36:40,499
1436,266,2026-08-25 11:28:40,1199
1437,747,2026-07-19 10:26:40,1999
1438,24,2026-09-11 01:06:40,1499
1439,259,2026-09-09 21:28:40,999
1440,3,2026-08-08 00:15:40,1999
1441,54,2026-07-25 17:26:40,899
1442,281,2026-06-30 01:05:40,999
1443,508,2026-07-30 20:20:40,299
1444,906,2026-07-12 04:49:40,899
1445,546,2026-08-10 13:32:40,899
1446,200,2026-07-26 06:28:40,1499
1447,828,2026-06-18 02:46:40,2499
1448,434,2026-06-23 10:44:40,499
1449,338,2026-07-23 06:12:40,1999
1450,100,2026-06-17 18:59:40,2999
1451,25,2026-08-29 00:31:40,799
1452,861,2026-07-16 10:38:40,999
1453,245,2026-07-27 05:24:40,799
1454,533,2026-07-14 06:21:40,1499
1455,635,2026-08-09 07:12:40,999
1456,593,2026-06-29 05:35:40,299
1457,387,2026-07-25 01:36:40,2999
1458,131,2026-06-21 17:35:40,699
1459,626,2026-09-02 16:36:40,399
1460,694,2026-06-21 20:35:40,699
1461,871,2026-08-01 15:38:40,1499
1462,771,2026-08-05 11:27:40,1499
1463,807,2026-09-06 22:32:40,999
1464,394,2026-08-12 17:28:40,1499
1465,635,2026-06-26 14:13:40,1999
1466,802,2026-06-17 18:05:40,799
1467,602,2026-07-08 06:38:40,299
1468,610,2026-06-22 22:22:40,599
1469,927,2026-08-26 08:12:40,1199
1470,263,2026-07-29 17:02:40,2499
1471,636,2026-08-09 08:47:40,499
1472,817,2026-06-19 04:40:40,699
1473,599,2026-08-08 20:13:40,2999
1474,367,2026-07-23 22:28:40,1199
1475,795,2026-07-02 08:02:40,699
1476,618,2026-07-27 12:55:40,299
1477,531,2026-08-29 01:15:40,499
1478,59,2026-07-14 20:24:40,1199
1479,880,2026-06-20 16:54:40,599
1480,1000,2026-07-10 00:30:40,599
1481,805,2026-06-22 13:44:40,1999
1482,488,2026-09-11 02:01:40,1499
1483,710,2026-07-26 22:08:40,799
1484,631,2026-07-22 16:53:40,499
1485,108,2026-08-11 05:03:40,599
1486,943,2026-06-14 23:46:40,2499
1487,236,2026-08-12 22:45:40,599
1488,493,2026-07-27 02:56:40,599
1489,410,2026-07-07 03:55:40,299
1490,76,2026-07-29 04:07:40,399
1491,146,2026-07-21 17:44:40,1999
1492,600,2026-07-30 04:33:40,599
1493,203,2026-07-20 08:46:40,699
1494,737,2026-07-06 14:26:40,1199
1495,252,2026-07-06 09:33:40,499
1496,864,2026-07-17 06:33:40,1999
1497,141,2026-08-02 00:22:40,399
1498,347,2026-07-10 13:01:40,599
1499,379,2026-08-01 00:42:40,1199
1500,819,2026-09-01 17:28:40,2499
1501,67,2026-06-29 08:28:40,499
1502,814,2026-07-08 10:06:40,899
1503,712,2026-07-31 14:10:40,899
1504,652,2026-07-15 05:20:40,1499
1505,602,2026-07-08 20:50:40,2999
1506,153,2026-07-25 10:35:40,1999
1507,815,2026-07-19 08:26:40,1199
1508,992,2026-08-27 18:45:40,2499
1509,84,2026-08-14 01:11:40,399
1510,172,2026-08-18 16:20:40,1999
1511,770,2026-08-18 15:03:40,1199
1512,476,2026-07-06 14:17:40,799
1513,539,2026-09-10 19:17:40,999
1514,486,2026-07-18 21:57:40,1999
1515,944,2026-08-27 23:34:40,599
1516,225,2026-07-09 18:27:40,599
1517,406,2026-07-11 12:59:40,899
1518,586,2026-07-04 14:48:40,1199
1519,87,2026-07-01 05:50:40,999
1520,532,2026-07-29 11:09:40,299
1521,477,2026-08-18 22:53:40,899
1522,462,2026-08-12 16:58:40,799
1523,824,2026-08-16 13:49:40,899
1524,26,2026-07-06 17:46:40,699
1525,661,2026-06-23 15:29:40,399
1526,302,2026-08-17 20:06:40,1999
1527,81,2026-07-19 10:38:40,399
1528,74,2026-07-30 05:06:40,599
1529,342,2026-07-10 00:53:40,699
1530,310,2026-09-09 11:44:40,2499
1531,619,2026-07-02 02:19:40,1199
1532,935,2026-07-17 04:21:40,699
1533,289,2026-07-28 15:57:40,1499
1534,776,2026-09-05 04:02:40,1999
1535,525,2026-07-03 15:46:40,599
1536,741,2026-07-10 18:46:40,1199
1537,602,2026-08-23 18:18:40,999
1538,349,2026-06-24 14:26:40,599
1539,440,2026-09-11 16:45:40,999
1540,461,2026-08-24 03:55:40,499
1541,592,2026-06-30 13:19:40,299
1542,512,2026-09-06 14:53:40,599
1543,430,2026-08-08 01:20:40,899
1544,782,2026-09-10 20:51:40,799
1545,602,2026-06-16 22:22:40,299
1546,945,2026-07-01 07:53:40,1499
1547,645,2026-08-30 23:08:40,899
1548,391,2026-07-10 15:36:40,1199
1549,396,2026-07-08 18:38:40,799
1550,584,2026-08-11 00:29:40,699
1551,96,2026-07-05 07:15:40,1199
1552,182,2026-06-19 02:10:40,999
1553,28,2026-07-07 09:36:40,899
1554,291,2026-07-10 10:50:40,1999
1555,537,2026-06-22 17:35:40,799
1556,531,2026-06-15 08:52:40,899
1557,401,2026-07-04 06:40:40,1199
1558,429,2026-08-15 02:36:40,899
1559,979,2026-07-10 08:27:40,599
1560,318,2026-08-09 02:14:40,999
1561,163,2026-08-30 21:51:40,1499
1562,208,2026-08-18 02:15:40,999
1563,283,2026-07-09 03:41:40,999
1564,66,2026-08-04 23:23:40,599
1565,539,2026-07-26 22:28:40,999
1566,472,2026-08-12 21:34:40,2499
1567,94,2026-07-21 00:28:40,999
1568,356,2026-09-12 02:22:40,699
1569,401,2026-08-31 08:58:40,599
1570,184,2026-09-02 02:59:40,999
1571,394,2026-09-06 09:16:40,1499
1572,98,2026-08-04 01:34:40,599
1573,907,2026-07-04 12:28:40,1999
1574,551,2026-07-22 01:30:40,399
1575,715,2026-07-11 18:58:40,2999
1576,567,2026-06-29 14:36:40,2999
1577,108,2026-08-17 13:58:40,999
1578,169,2026-07-16 10:04:40,299
1579,474,2026-06-17 06:12:40,2499
1580,692,2026-08-12 15:53:40,2499
1581,409,2026-07-08 15:34:40,299
1582,257,2026-06-29 02:30:40,499
1583,335,2026-09-08 03:01:40,999
1584,473,2026-06-22 06:07:40,1999
1585,249,2026-08-09 08:02:40,699
1586,862,2026-07-04 09:25:40,299
1587,622,2026-06-26 08:50:40,399
1588,548,2026-08-03 08:36:40,1999
1589,782,2026-06-16 00:49:40,499
1590,452,2026-07-29 08:45:40,2499
1591,36,2026-09-08 20:45:40,999
1592,714,2026-06-21 00:23:40,1199
1593,657,2026-09-07 02:14:40,399
1594,400,2026-09-10 13:00:40,299
1595,613,2026-06-14 05:21:40,899
1596,786,2026-07-09 10:55:40,599
1597,205,2026-06-25 03:58:40,299
1598,15,2026-07-27 10:15:40,1999
1599,65,2026-07-12 07:23:40,1999
1600,172,2026-07-05 04:58:40,1199
1601,111,2026-07-25 14:07:40,1999
1602,195,2026-09-01 10:31:40,1199
1603,405,2026-08-07 06:46:40,599
1604,109,2026-07-29 13:43:40,299
1605,412,2026-09-05 13:32:40,899
1606,218,2026-08-11 10:36:40,1999
1607,835,2026-07-20 00:11:40,799
1608,45,2026-06-22 09:58:40,699
1609,786,2026-08-29 18:38:40,2499
1610,550,2026-08-25 08:48:40,399
1611,615,2026-07-26 00:16:40,899
1612,695,2026-09-10 07:53:40,499
1613,651,2026-09-10 14:26:40,1999
1614,494,2026-06-22 13:33:40,1499
1615,934,2026-08-27 17:56:40,1199
1616,656,2026-07-13 20:09:40,2499
1617,14,2026-07-13 04:11:40,2999
1618,919,2026-06-29 12:47:40,2499
1619,439,2026-07-15 22:37:40,299
1620,141,2026-07-31 18:50:40,599
1621,156,2026-08-01 10:13:40,299
1622,244,2026-08-29 18:19:40,799
1623,138,2026-07-19 14:13:40,2999
1624,779,2026-06-19 20:22:40,899
1625,664,2026-07-20 03:46:40,2499
1626,340,2026-07-27 10:45:40,1199
1627,56,2026-09-07 11:23:40,1999
1628,713,2026-07-12 23:27:40,899
1629,534,2026-07-25 09:00:40,1999
1630,7,2026-06-22 18:36:40,599
1631,54,2026-09-03 07:45:40,499
1632,94,2026-07-06 22:07:40,2999
1633,955,2026-07-10 11:04:40,399
1634,437,2026-08-12 12:42:40,2499
1635,203,2026-07-15 16:43:40,1499
1636,255,2026-07-22 13:08:40,999
1637,991,2026-09-03 09:49:40,2999
1638,493,2026-06-24 14:57:40,899
1639,172,2026-08-13 17:59:40,1199
1640,625,2026-08-08 08:24:40,2999
1641,494,2026-06-16 15:59:40,399
1642,778,2026-07-22 23:06:40,499
1643,567,2026-07-06 11:56:40,999
1644,314,2026-08-11 12:56:40,1199
1645,621,2026-08-14 05:53:40,499
1646,733,2026-08-13 09:41:40,599
1647,5,2026-06-15 20:18:40,2499
1648,384,2026-08-15 16:31:40,899
1649,963,2026-08-04 02:55:40,899
1650,502,2026-07-24 00:09:40,399
1651,419,2026-06-18 06:56:40,1499
1652,167,2026-07-08 16:48:40,2999
1653,936,2026-07-28 20:17:40,999
1654,651,2026-09-10 15:16:40,299
1655,667,2026-08-02 17:19:40,599
1656,249,2026-08-14 05:30:40,799
1657,647,2026-09-08 04:16:40,1999
1658,661,2026-07-02 12:10:40,999
1659,967,2026-09-09 07:48:40,599
1660,617,2026-08-28 01:25:40,499
1661,13,2026-06-28 06:13:40,2499
1662,939,2026-08-02 16:17:40,1499
1663,998,2026-06-24 20:30:40,599
1664,898,2026-08-07 09:25:40,899
1665,259,2026-09-10 13:04:40,1199
1666,675,2026-08-01 21:51:40,2499
1667,422,2026-06-25 07:12:40,1499
1668,796,2026-07-28 07:49:40,2499
1669,215,2026-08-04 01:51:40,299
1670,173,2026-08-15 03:38:40,399
1671,793,2026-09-11 17:05:40,899
1672,671,2026-07-21 02:59:40,499
1673,181,2026-07-31 09:17:40,499
1674,203,2026-08-15 09:04:40,399
1675,462,2026-08-25 09:43:40,599
1676,61,2026-07-07 09:48:40,899
1677,452,2026-09-02 22:38:40,1999
1678,171,2026-06-24 12:37:40,899
1679,128,2026-07-19 05:53:40,299
1680,600,2026-07-14 19:03:40,1999
1681,779,2026-06-26 03:35:40,699
1682,770,2026-06-15 01:09:40,2999
1683,43,2026-06-26 10:05:40,2999
1684,8,2026-08-01 23:05:40,2999
1685,273,2026-08-15 19:20:40,799
1686,619,2026-08-07 13:55:40,1999
1687,912,2026-07-27 14:24:40,599
1688,964,2026-07-31 00:57:40,899
1689,626,2026-06-21 15:27:40,799
1690,826,2026-06-26 04:01:40,2499
1691,412,2026-07-01 04:10:40,399
1692,890,2026-08-20 12:16:40,2999
1693,835,2026-07-15 15:00:40,1499
1694,703,2026-09-06 19:04:40,899
1695,677,2026-07-08 04:12:40,799
1696,18,2026-09-03 15:27:40,299
1697,993,2026-07-26 01:00:40,599
1698,622,2026-08-15 16:19:40,1499
1699,814,2026-06-24 14:59:40,999
1700,675,2026-09-11 07:18:40,899
1701,301,2026-08-30 10:17:40,499
1702,891,2026-08-19 22:22:40,2499
1703,517,2026-06-18 08:03:40,2999
1704,90,2026-07-23 01:07:40,999
1705,173,2026-08-10 07:02:40,1999
1706,554,2026-07-14 10:45:40,499
1707,772,2026-09-07 01:37:40,399
1708,446,2026-06-17 09:31:40,799
1709,925,2026-08-02 11:46:40,2499
1710,264,2026-09-07 19:29:40,1999
1711,127,2026-09-07 08:31:40,1199
1712,649,2026-08-15 06:22:40,2499
1713,341,2026-07-12 22:21:40,1499
1714,67,2026-09-04 13:56:40,2499
1715,761,2026-08-02 00:13:40,2999
1716,576,2026-08-08 10:46:40,699
1717,119,2026-07-21 05:39:40,399
1718,349,2026-08-28 10:19:40,399
1719,587,2026-07-31 08:26:40,799
1720,977,2026-08-01 22:19:40,299
1721,319,2026-06-21 22:06:40,599
1722,868,2026-08-02 16:52:40,2999
1723,374,2026-09-08 08:05:40,1999
1724,617,2026-08-28 10:38:40,899
1725,10,2026-08-21 17:52:40,499
1726,836,2026-07-21 11:03:40,1999
1727,467,2026-07-02 22:50:40,499
1728,765,2026-09-08 01:34:40,1499
1729,328,2026-07-23 20:16:40,399
1730,281,2026-08-26 19:12:40,599
1731,507,2026-07-22 01:56:40,299
1732,830,2026-07-26 08:24:40,2499
1733,216,2026-07-13 02:19:40,299
1734,946,2026-07-06 19:18:40,899
1735,307,2026-09-06 08:33:40,1199
1736,402,2026-07-27 17:15:40,999
1737,357,2026-08-03 15:36:40,1199
1738,745,2026-07-20 13:16:40,599
1739,718,2026-08-23 15:38:40,499
1740,332,2026-08-27 05:26:40,2499
1741,312,2026-08-11 23:42:40,1499
1742,141,2026-08-10 02:02:40,699
1743,919,2026-07-02 09:45:40,2999
1744,767,2026-07-10 03:13:40,299
1745,371,2026-08-26 07:15:40,2999
1746,880,2026-07-02 15:59:40,1999
1747,862,2026-07-05 04:38:40,799
1748,998,2026-08-13 08:35:40,399
1749,528,2026-09-05 14:09:40,899
1750,994,2026-07-04 00:18:40,899
1751,251,2026-06-18 06:47:40,899
1752,501,2026-07-23 02:10:40,499
1753,669,2026-08-02 02:22:40,1999
1754,675,2026-06-25 18:27:40,1999
1755,392,2026-07-20 00:13:40,999
1756,377,2026-06-15 06:39:40,399
1757,125,2026-08-16 00:14:40,1199
1758,231,2026-06-16 22:08:40,1499
1759,492,2026-07-20 02:19:40,399
1760,814,2026-08-28 08:56:40,999
1761,661,2026-09-11 16:51:40,1499
1762,129,2026-06-26 13:36:40,2499
1763,931,2026-08-21 08:57:40,2499
1764,21,2026-08-03 21:24:40,1199
1765,803,2026-08-20 18:36:40,1199
1766,858,2026-08-27 21:17:40,2999
1767,668,2026-06-29 10:14:40,399
1768,186,2026-08-30 01:43:40,299
1769,569,2026-08-10 13:39:40,299
1770,132,2026-08-26 10:13:40,499
1771,90,2026-08-24 12:26:40,2999
1772,36,2026-06-24 07:04:40,699
1773,373,2026-08-22 08:59:40,1999
1774,1,2026-07-15 12:34:40,1199
1775,927,2026-07-22 01:06:40,999
1776,144,2026-08-26 19:16:40,799
1777,536,2026-07-29 23:06:40,1199
1778,215,2026-09-10 07:14:40,299
1779,243,2026-06-18 09:41:40,699
1780,877,2026-07-11 08:10:40,1199
1781,222,2026-08-28 14:49:40,499
1782,747,2026-09-01 16:36:40,1199
1783,262,2026-07-17 16:13:40,499
1784,410,2026-08-11 05:48:40,1999
1785,436,2026-09-10 08:06:40,599
1786,73,2026-09-03 02:49:40,1999
1787,714,2026-09-04 10:17:40,799
1788,578,2026-09-07 00:24:40,1199
1789,620,2026-07-04 17:24:40,499
1790,324,2026-08-08 15:33:40,1499
1791,254,2026-06-23 11:39:40,1199
1792,113,2026-09-09 20:58:40,399
1793,338,2026-09-03 05:55:40,799
1794,797,2026-07-18 08:27:40,2999
1795,232,2026-07-19 03:38:40,899
1796,993,2026-07-12 15:38:40,2999
1797,948,2026-06-29 09:05:40,2499
1798,897,2026-07-23 22:24:40,2999
1799,502,2026-06-26 19:54:40,2499
1800,586,2026-07-20 20:49:40,1499
1801,102,2026-06-20 08:52:40,2999
1802,399,2026-07-07 15:23:40,2499
1803,695,2026-08-21 21:10:40,899
1804,489,2026-08-28 07:48:40,299
1805,704,2026-08-19 01:41:40,1999
1806,130,2026-07-02 16:08:40,2499
1807,274,2026-06-21 03:12:40,799
1808,725,2026-07-16 01:10:40,899
1809,724,2026-08-11 09:00:40,799
1810,818,2026-08-12 19:50:40,699
1811,976,2026-08-07 20:17:40,599
1812,313,2026-09-03 05:51:40,899
1813,790,2026-07-24 06:12:40,399
1814,79,2026-07-14 05:42:40,1499
1815,59,2026-06-25 02:50:40,1199
1816,952,2026-08-16 03:59:40,1999
1817,521,2026-07-01 19:03:40,1199
1818,702,2026-09-08 21:16:40,399
1819,416,2026-06-15 22:44:40,2499
1820,8,2026-08-08 02:06:40,2499
1821,354,2026-07-16 03:14:40,1199
1822,701,2026-08-30 05:10:40,999
1823,988,2026-07-06 01:31:40,2999
1824,537,2026-07-12 08:36:40,799
1825,860,2026-07-01 19:54:40,299
1826,433,2026-08-16 15:42:40,799
1827,994,2026-06-28 14:30:40,1999
1828,256,2026-08-22 06:50:40,699
1829,495,2026-07-21 11:45:40,299
1830,756,2026-09-02 21:57:40,599
1831,946,2026-07-24 00:04:40,299
1832,958,2026-08-12 23:26:40,999
1833,59,2026-07-29 04:11:40,999
1834,337,2026-07-22 14:38:40,299
1835,359,2026-07-07 15:54:40,299
1836,104,2026-08-08 18:44:40,399
1837,542,2026-08-18 07:58:40,399
1838,936,2026-08-15 03:41:40,2999
1839,673,2026-07-16 11:02:40,899
1840,384,2026-07-22 14:59:40,499
1841,550,2026-07-18 07:00:40,1999
1842,860,2026-08-09 08:40:40,799
1843,766,2026-08-08 03:54:40,2499
1844,204,2026-06-28 09:50:40,299
1845,137,2026-08-03 17:19:40,799
1846,923,2026-06-18 09:14:40,599
1847,972,2026-08-15 00:49:40,399
1848,432,2026-08-15 21:03:40,2999
1849,699,2026-06-30 14:20:40,2999
1850,800,2026-08-04 20:18:40,2499
1851,864,2026-08-02 07:39:40,399
1852,812,2026-06-16 07:41:40,799
1853,513,2026-06-16 00:47:40,299
1854,695,2026-07-27 17:10:40,2499
1855,9,2026-08-08 18:50:40,699
1856,498,2026-06-24 16:47:40,1499
1857,157,2026-08-18 08:47:40,699
1858,786,2026-06-28 12:16:40,599
1859,683,2026-08-07 10:02:40,2499
1860,802,2026-06-28 02:18:40,1199
1861,626,2026-07-07 10:26:40,1499
1862,645,2026-09-03 07:46:40,399
1863,136,2026-08-04 04:49:40,599
1864,952,2026-07-02 16:33:40,1499
1865,205,2026-06-25 04:56:40,899
1866,538,2026-07-24 02:12:40,599
1867,228,2026-07-27 17:02:40,299
1868,523,2026-08-07 23:35:40,699
1869,113,2026-07-18 14:49:40,799
1870,729,2026-08-06 10:52:40,299
1871,187,2026-06-19 03:35:40,1999
1872,763,2026-07-25 09:50:40,999
1873,287,2026-08-30 06:59:40,499
1874,259,2026-08-15 14:53:40,699
1875,115,2026-06-27 00:32:40,1999
1876,566,2026-06-30 13:55:40,2499
1877,830,2026-07-31 03:21:40,1499
1878,542,2026-08-30 14:47:40,1999
1879,283,2026-07-10 21:56:40,399
1880,909,2026-06-27 08:12:40,2499
1881,617,2026-06-29 05:09:40,1999
1882,838,2026-07-08 10:17:40,999
1883,948,2026-06-26 06:06:40,1499
1884,352,2026-07-23 03:02:40,2999
1885,207,2026-08-22 02:41:40,299
1886,131,2026-07-08 17:07:40,2499
1887,259,2026-08-24 15:29:40,799
1888,460,2026-09-03 01:39:40,899
1889,70,2026-08-14 17:05:40,1199
1890,810,2026-06-16 09:10:40,699
1891,714,2026-06-30 12:34:40,1499
1892,63,2026-09-10 10:19:40,899
1893,507,2026-09-09 21:27:40,1199
1894,995,2026-06-23 09:00:40,2999
1895,522,2026-08-02 21:21:40,899
1896,411,2026-08-30 11:45:40,499
1897,4,2026-07-04 21:45:40,1499
1898,714,2026-06-15 20:01:40,1199
1899,725,2026-08-20 11:51:40,599
1900,304,2026-07-18 20:39:40,499
1901,230,2026-06-19 20:47:40,699
1902,41,2026-09-03 08:28:40,699
1903,950,2026-07-01 12:27:40,2999
1904,53,2026-09-04 11:24:40,599
1905,548,2026-06-28 04:13:40,799
1906,648,2026-08-30 14:52:40,399
1907,970,2026-08-23 12:18:40,499
1908,419,2026-08-31 12:52:40,299
1909,641,2026-06-15 14:46:40,2499
1910,989,2026-07-19 08:48:40,299
1911,551,2026-09-06 21:38:40,2499
1912,764,2026-09-10 16:13:40,699
1913,891,2026-09-03 00:10:40,1199
1914,212,2026-08-09 10:52:40,699
1915,209,2026-08-28 00:23:40,2999
1916,405,2026-07-03 17:46:40,2499
1917,744,2026-08-08 14:41:40,999
1918,96,2026-08-16 09:01:40,499
1919,836,2026-07-06 10:08:40,999
1920,966,2026-07-07 23:50:40,299
1921,318,2026-07-04 09:24:40,899
1922,704,2026-08-30 09:36:40,499
1923,74,2026-08-07 11:01:40,1999
1924,994,2026-08-04 07:18:40,1199
1925,141,2026-06-15 22:38:40,899
1926,394,2026-06-16 07:24:40,299
1927,782,2026-09-04 04:40:40,599
1928,789,2026-06-24 11:41:40,1999
1929,615,2026-06-15 04:22:40,399
1930,556,2026-07-28 01:37:40,599
1931,143,2026-08-14 22:29:40,999
1932,836,2026-07-04 12:53:40,999
1933,159,2026-07-15 05:06:40,2499
1934,274,2026-09-02 20:39:40,299
1935,845,2026-06-19 07:06:40,699
1936,106,2026-08-18 16:41:40,299
1937,935,2026-07-12 03:46:40,899
1938,395,2026-07-02 15:13:40,699
1939,232,2026-09-09 16:15:40,2499
1940,843,2026-06-28 18:42:40,399
1941,230,2026-06-27 12:54:40,399
1942,631,2026-07-26 06:55:40,399
1943,918,2026-06-19 22:41:40,499
1944,439,2026-08-20 14:10:40,499
1945,696,2026-08-07 08:29:40,1999
1946,704,2026-07-22 23:24:40,699
1947,357,2026-06-27 12:30:40,999
1948,678,2026-07-31 12:23:40,2499
1949,818,2026-06-23 04:27:40,499
1950,797,2026-09-05 07:52:40,499
1951,400,2026-08-11 03:22:40,2999
1952,1000,2026-08-14 05:39:40,1499
1953,438,2026-07-19 07:37:40,799
1954,131,2026-07-07 15:54:40,799
1955,507,2026-08-07 19:16:40,899
1956,617,2026-09-03 13:40:40,2999
1957,967,2026-09-05 10:56:40,899
1958,563,2026-08-16 21:06:40,999
1959,546,2026-08-21 10:56:40,399
1960,595,2026-08-06 20:08:40,2999
1961,711,2026-07-13 01:37:40,599
1962,371,2026-06-14 10:26:40,299
1963,372,2026-08-24 18:40:40,399
1964,62,2026-07-28 15:26:40,2999
1965,839,2026-07-01 13:01:40,499
1966,856,2026-08-23 16:47:40,599
1967,848,2026-07-12 05:19:40,499
1968,121,2026-09-12 01:41:40,899
1969,751,2026-06-18 01:59:40,799
1970,56,2026-09-11 07:14:40,1499
1971,76,2026-08-14 23:27:40,499
1972,31,2026-07-02 14:41:40,399
1973,251,2026-06-23 04:08:40,899
1974,154,2026-07-07 19:19:40,499
1975,767,2026-08-21 01:51:40,999
1976,422,2026-07-27 18:22:40,1999
1977,712,2026-06-15 12:39:40,499
1978,62,2026-09-04 05:10:40,2999
1979,178,2026-08-17 08:32:40,899
1980,853,2026-08-08 01:28:40,999
1981,568,2026-07-17 22:04:40,699
1982,727,2026-07-13 17:31:40,499
1983,279,2026-06-25 19:56:40,499
1984,761,2026-07-11 16:11:40,299
1985,225,2026-08-03 09:24:40,2499
1986,1000,2026-08-24 23:25:40,399
1987,837,2026-09-10 18:02:40,799
1988,669,2026-09-04 16:24:40,899
1989,169,2026-06-20 15:13:40,899
1990,200,2026-07-18 06:38:40,399
1991,372,2026-08-30 13:33:40,599
1992,289,2026-07-04 20:38:40,399
1993,217,2026-08-29 04:20:40,699
1994,193,2026-08-23 10:12:40,299
1995,247,2026-07-18 06:08:40,1499
1996,46,2026-08-25 18:34:40,299
1997,323,2026-06-25 12:32:40,799
1998,770,2026-07-20 16:04:40,599
1999,323,2026-08-04 02:54:40,499
2000,720,2026-09-08 06:53:40,899
2001,919,2026-08-17 07:04:40,2999
2002,794,2026-07-03 04:09:40,2999
2003,392,2026-08-14 22:27:40,299
2004,298,2026-07-04 08:15:40,999
2005,81,2026-09-02 06:17:40,599
2006,906,2026-07-12 01:13:40,499
2007,788,2026-07-04 20:05:40,2499
2008,624,2026-09-05 20:31:40,2999
2009,350,2026-08-10 07:53:40,699
2010,369,2026-09-01 16:34:40,2499
2011,793,2026-09-09 15:47:40,599
2012,626,2026-08-30 05:41:40,1499
2013,643,2026-08-16 07:23:40,299
2014,147,2026-07-23 21:27:40,2999
2015,801,2026-06-25 18:38:40,999
2016,322,2026-07-05 12:42:40,399
2017,287,2026-08-26 14:54:40,399
2018,73,2026-07-07 02:21:40,999
2019,265,2026-08-13 12:20:40,999
2020,666,2026-07-01 07:08:40,999
2021,41,2026-07-30 12:57:40,899
2022,878,2026-09-02 00:40:40,999
2023,376,2026-08-18 22:52:40,799
2024,86,2026-09-09 17:04:40,999
2025,270,2026-09-09 05:11:40,1999
2026,59,2026-07-16 02:24:40,1199
2027,9,2026-07-03 06:50:40,899
2028,163,2026-08-25 16:26:40,399
2029,229,2026-08-02 18:14:40,399
2030,358,2026-08-12 18:13:40,1199
2031,922,2026-08-12 06:37:40,499
2032,750,2026-06-27 16:21:40,899
2033,205,2026-08-04 13:36:40,799
2034,351,2026-08-30 18:45:40,2499
2035,760,2026-08-13 06:49:40,999
2036,40,2026-08-22 08:02:40,499
2037,656,2026-07-11 14:08:40,299
2038,616,2026-08-01 05:31:40,2999
2039,371,2026-08-08 18:45:40,299
2040,217,2026-06-17 00:59:40,699
2041,259,2026-09-03 08:37:40,499
2042,71,2026-07-19 15:37:40,699
2043,895,2026-08-10 17:05:40,599
2044,686,2026-07-17 09:25:40,299
2045,95,2026-08-07 14:20:40,699
2046,169,2026-07-09 14:58:40,999
2047,487,2026-08-22 02:22:40,499
2048,989,2026-09-11 16:54:40,2499
2049,585,2026-08-02 04:07:40,2999
2050,916,2026-08-29 09:36:40,2499
2051,684,2026-08-27 22:41:40,799
2052,681,2026-07-24 03:41:40,999
2053,957,2026-07-02 19:27:40,799
2054,117,2026-09-08 16:48:40,1199
2055,740,2026-06-14 18:25:40,499
2056,650,2026-08-11 00:09:40,399
2057,38,2026-07-12 02:44:40,899
2058,714,2026-08-22 09:10:40,899
2059,222,2026-07-28 09:44:40,1999
2060,591,2026-06-15 15:24:40,799
2061,17,2026-07-22 13:04:40,399
2062,717,2026-08-17 00:01:40,899
2063,421,2026-07-29 15:25:40,1199
2064,437,2026-08-19 13:39:40,499
2065,470,2026-08-07 14:43:40,1199
2066,610,2026-07-04 20:59:40,899
2067,292,2026-09-07 02:15:40,899
2068,650,2026-07-21 02:11:40,399
2069,90,2026-06-27 06:13:40,299
2070,632,2026-08-05 07:03:40,2499
2071,770,2026-09-01 20:38:40,1999
2072,455,2026-08-17 22:23:40,299
2073,684,2026-07-21 16:45:40,599
2074,796,2026-08-11 20:56:40,399
2075,201,2026-08-13 06:54:40,2999
2076,936,2026-08-12 17:30:40,1999
2077,721,2026-08-03 03:55:40,2999
2078,230,2026-08-17 12:49:40,1999
2079,271,2026-07-23 17:15:40,599
2080,5,2026-08-06 04:32:40,299
2081,158,2026-07-31 20:24:40,2499
2082,615,2026-07-24 13:42:40,1499
2083,441,2026-07-14 20:57:40,599
2084,632,2026-09-04 16:25:40,299
2085,821,2026-08-26 16:40:40,1999
2086,400,2026-07-06 16:29:40,799
2087,530,2026-07-04 16:46:40,399
2088,728,2026-06-30 19:39:40,1999
2089,591,2026-08-04 00:30:40,699
2090,858,2026-08-23 08:52:40,599
2091,96,2026-06-25 03:59:40,299
2092,644,2026-08-28 07:33:40,1499
2093,725,2026-08-22 06:08:40,899
2094,26,2026-06-30 18:12:40,1999
2095,797,2026-07-29 08:47:40,1999
2096,920,2026-07-12 12:44:40,1199
2097,861,2026-07-16 03:21:40,2999
2098,805,2026-08-01 12:14:40,299
2099,282,2026-06-24 08:12:40,299
2100,654,2026-08-27 06:39:40,999
2101,950,2026-08-29 06:38:40,499
2102,290,2026-07-17 08:37:40,399
2103,507,2026-07-30 09:57:40,399
2104,503,2026-06-16 16:36:40,999
2105,983,2026-09-02 05:45:40,1999
2106,430,2026-08-01 14:12:40,999
2107,828,2026-07-04 08:51:40,299
2108,926,2026-07-07 01:08:40,1999
2109,622,2026-06-18 06:53:40,799
2110,496,2026-08-31 23:06:40,299
2111,163,2026-08-20 02:48:40,399
2112,198,2026-08-30 04:06:40,299
2113,531,2026-08-18 07:45:40,799
2114,118,2026-07-11 03:52:40,499
2115,226,2026-06-25 03:16:40,499
2116,275,2026-07-19 18:44:40,399
2117,357,2026-08-23 23:50:40,999
2118,764,2026-08-16 17:04:40,899
2119,945,2026-07-08 11:43:40,599
2120,704,2026-07-19 15:38:40,1499
2121,813,2026-08-28 12:42:40,2999
2122,211,2026-08-15 17:28:40,999
2123,434,2026-08-30 02:49:40,799
2124,638,2026-06-27 22:56:40,899
2125,205,2026-08-25 14:55:40,1999
2126,840,2026-06-22 17:42:40,299
2127,982,2026-08-18 12:09:40,899
2128,301,2026-08-31 00:05:40,799
2129,408,2026-06-17 06:43:40,2999
2130,331,2026-08-07 08:54:40,599
2131,75,2026-07-12 00:55:40,799
2132,149,2026-07-24 06:32:40,799
2133,705,2026-06-16 01:53:40,599
2134,477,2026-08-25 14:29:40,599
2135,576,2026-06-22 15:50:40,1499
2136,218,2026-08-20 09:38:40,1199
2137,285,2026-08-31 00:36:40,1499
2138,915,2026-09-04 17:15:40,2999
2139,446,2026-07-24 13:44:40,599
2140,51,2026-08-16 18:34:40,699
2141,432,2026-06-29 07:00:40,499
2142,616,2026-07-25 21:56:40,599
2143,591,2026-06-16 12:33:40,1999
2144,803,2026-08-26 04:30:40,999
2145,292,2026-06-30 15:34:40,1199
2146,941,2026-08-20 04:53:40,1999
2147,17,2026-06-22 18:38:40,2999
2148,426,2026-07-22 11:52:40,2999
2149,355,2026-08-04 06:07:40,2999
2150,321,2026-08-16 22:35:40,899
2151,306,2026-09-11 18:03:40,1999
2152,991,2026-06-29 15:11:40,399
2153,30,2026-07-12 05:24:40,299
2154,143,2026-06-27 14:27:40,2499
2155,742,2026-08-08 10:42:40,399
2156,196,2026-07-31 20:32:40,2499
2157,889,2026-06-20 12:28:40,2999
2158,45,2026-06-28 04:51:40,399
2159,271,2026-07-27 02:11:40,2999
2160,832,2026-08-01 12:16:40,499
2161,948,2026-07-01 22:01:40,399
2162,130,2026-07-24 08:20:40,1499
2163,910,2026-08-06 00:00:40,1999
2164,126,2026-08-19 19:47:40,1499
2165,490,2026-09-06 18:49:40,799
2166,792,2026-08-14 10:37:40,699
2167,785,2026-07-22 01:37:40,799
2168,572,2026-07-16 01:13:40,2499
2169,877,2026-07-11 01:36:40,399
2170,996,2026-08-16 04:45:40,299
2171,687,2026-07-11 18:24:40,899
2172,193,2026-08-15 06:53:40,599
2173,834,2026-08-28 20:04:40,799
2174,779,2026-07-24 02:01:40,1999
2175,158,2026-08-17 07:30:40,499
2176,225,2026-07-30 16:00:40,1499
2177,526,2026-07-09 15:44:40,399
2178,285,2026-08-07 09:15:40,699
2179,975,2026-08-26 23:38:40,499
2180,473,2026-06-28 02:39:40,599
2181,17,2026-08-11 08:49:40,299
2182,488,2026-09-06 20:00:40,799
2183,272,2026-06-29 20:37:40,799
2184,442,2026-07-11 07:57:40,1199
2185,442,2026-08-18 13:35:40,999
2186,280,2026-07-31 06:35:40,1999
2187,392,2026-08-07 09:50:40,599
2188,413,2026-07-06 22:49:40,1199
2189,623,2026-08-16 19:59:40,399
2190,698,2026-06-20 23:47:40,399
2191,225,2026-06-28 05:29:40,299
2192,590,2026-07-18 10:36:40,1199
2193,104,2026-07-19 11:28:40,1499
2194,717,2026-08-04 15:57:40,399
2195,226,2026-09-10 12:03:40,599
2196,176,2026-07-10 15:12:40,699
2197,723,2026-08-29 13:18:40,299
2198,97,2026-07-07 20:30:40,2499
2199,638,2026-08-15 02:51:40,2499
2200,245,2026-07-05 14:15:40,399
2201,171,2026-07-07 14:29:40,999
2202,146,2026-06-16 01:02:40,899
2203,343,2026-06-16 08:48:40,399
2204,175,2026-09-08 04:10:40,799
2205,993,2026-08-13 21:32:40,999
2206,895,2026-07-15 18:39:40,299
2207,839,2026-06-16 22:15:40,699
2208,856,2026-07-13 20:04:40,499
2209,774,2026-07-02 06:38:40,699
2210,824,2026-07-26 18:03:40,2499
2211,360,2026-08-22 12:14:40,999
2212,260,2026-07-30 17:32:40,799
2213,309,2026-07-26 20:21:40,1999
2214,878,2026-08-29 18:39:40,699
2215,703,2026-08-20 03:12:40,299
2216,152,2026-08-05 11:14:40,499
2217,366,2026-08-16 03:47:40,1499
2218,759,2026-09-11 16:55:40,599
2219,763,2026-06-25 10:30:40,899
2220,655,2026-06-27 12:28:40,1999
2221,696,2026-08-22 18:28:40,1199
2222,180,2026-07-18 00:54:40,799
2223,401,2026-08-28 16:49:40,699
2224,196,2026-06-19 22:05:40,2499
2225,352,2026-08-31 06:59:40,2999
2226,466,2026-08-25 14:50:40,399
2227,993,2026-06-15 19:31:40,1999
2228,151,2026-08-13 00:41:40,1199
2229,990,2026-07-21 23:07:40,1999
2230,167,2026-07-22 18:50:40,399
2231,819,2026-07-21 04:01:40,299
2232,223,2026-07-20 21:39:40,299
2233,501,2026-07-23 03:59:40,799
2234,677,2026-06-14 04:48:40,499
2235,359,2026-07-20 20:14:40,2999
2236,575,2026-07-03 06:17:40,699
2237,147,2026-07-09 17:09:40,399
2238,298,2026-07-12 05:02:40,799
2239,255,2026-09-08 23:56:40,899
2240,409,2026-06-26 12:30:40,699
2241,612,2026-07-23 09:08:40,899
2242,696,2026-07-25 21:40:40,1999
2243,787,2026-07-09 11:40:40,899
2244,568,2026-07-09 12:51:40,399
2245,305,2026-08-26 00:01:40,1199
2246,188,2026-08-01 16:38:40,499
2247,540,2026-08-10 01:52:40,1199
2248,958,2026-09-10 01:54:40,999
2249,363,2026-08-07 17:58:40,899
2250,473,2026-06-17 20:33:40,2999
2251,432,2026-06-25 08:11:40,699
2252,806,2026-07-15 22:04:40,799
2253,131,2026-09-01 21:29:40,1499
2254,899,2026-07-21 05:20:40,899
2255,129,2026-08-05 00:32:40,999
2256,827,2026-08-19 18:25:40,299
2257,87,2026-06-21 12:25:40,1999
2258,110,2026-07-26 22:38:40,699
2259,580,2026-08-15 01:53:40,299
2260,125,2026-08-28 01:04:40,2499
2261,735,2026-06-21 01:45:40,1199
2262,148,2026-08-25 03:03:40,499
2263,229,2026-09-09 00:26:40,499
2264,309,2026-09-02 13:18:40,299
2265,825,2026-08-15 23:16:40,599
2266,118,2026-06-22 03:41:40,1499
2267,902,2026-06-29 19:38:40,599
2268,210,2026-06-27 18:33:40,1199
2269,455,2026-08-03 05:31:40,399
2270,308,2026-08-04 18:43:40,599
2271,862,2026-08-22 12:24:40,1499
2272,698,2026-08-10 01:11:40,399
2273,443,2026-07-02 23:33:40,499
2274,146,2026-09-06 10:42:40,1199
2275,760,2026-09-11 20:44:40,999
2276,492,2026-07-21 13:14:40,399
2277,983,2026-08-28 18:55:40,1999
2278,282,2026-08-03 16:16:40,2999
2279,110,2026-08-12 17:24:40,899
2280,152,2026-06-17 13:01:40,399
2281,578,2026-08-02 04:09:40,699
2282,35,2026-09-05 00:29:40,1999
2283,635,2026-08-09 05:30:40,799
2284,986,2026-07-01 18:28:40,2499
2285,470,2026-07-19 03:42:40,799
2286,513,2026-08-17 09:54:40,2499
2287,538,2026-08-02 19:36:40,499
2288,672,2026-07-03 15:13:40,2499
2289,577,2026-07-27 18:17:40,2999
2290,144,2026-07-20 00:51:40,899
2291,70,2026-09-04 18:56:40,999
2292,621,2026-09-06 09:08:40,2499
2293,950,2026-08-18 01:05:40,699
2294,133,2026-09-11 14:09:40,1499
2295,357,2026-08-27 23:25:40,899
2296,70,2026-06-19 04:26:40,2499
2297,163,2026-07-13 07:14:40,399
2298,512,2026-09-08 18:52:40,2999
2299,238,2026-07-14 07:29:40,499
2300,746,2026-08-02 17:31:40,399
2301,64,2026-08-31 11:39:40,299
2302,868,2026-06-23 18:20:40,799
2303,622,2026-09-02 04:31:40,499
2304,329,2026-06-28 02:00:40,899
2305,137,2026-09-03 22:07:40,599
2306,201,2026-07-16 19:00:40,1999
2307,293,2026-07-12 10:19:40,499
2308,445,2026-08-20 09:37:40,1499
2309,25,2026-09-03 00:38:40,599
2310,35,2026-07-01 03:55:40,2999
2311,418,2026-08-25 21:27:40,399
2312,349,2026-07-08 01:18:40,2499
2313,658,2026-08-20 18:44:40,599
2314,585,2026-08-13 19:54:40,799
2315,634,2026-08-24 08:23:40,399
2316,450,2026-08-07 23:56:40,399
2317,583,2026-06-24 08:22:40,1199
2318,306,2026-06-26 07:03:40,599
2319,53,2026-08-29 20:53:40,299
2320,230,2026-07-21 11:56:40,2499
2321,367,2026-06-22 08:50:40,399
2322,548,2026-08-26 11:26:40,1199
2323,955,2026-08-31 19:51:40,899
2324,634,2026-06-21 21:16:40,399
2325,597,2026-08-13 12:13:40,299
2326,34,2026-07-27 16:48:40,599
2327,343,2026-06-21 07:45:40,1199
2328,837,2026-07-27 01:30:40,299
2329,242,2026-08-16 06:23:40,1499
2330,927,2026-09-01 02:25:40,2999
2331,827,2026-06-18 14:36:40,899
2332,613,2026-08-31 06:28:40,1199
2333,491,2026-06-30 12:18:40,299
2334,107,2026-06-18 19:04:40,599
2335,666,2026-07-28 17:02:40,699
2336,801,2026-07-13 04:31:40,299
2337,27,2026-07-09 21:10:40,899
2338,699,2026-09-10 02:33:40,1199
2339,494,2026-06-20 16:21:40,899
2340,713,2026-06-30 17:16:40,899
2341,563,2026-07-01 07:00:40,399
2342,919,2026-08-31 14:54:40,599
2343,352,2026-08-08 04:47:40,599
2344,95,2026-08-28 03:46:40,899
2345,766,2026-08-21 21:34:40,2999
2346,16,2026-07-15 04:36:40,299
2347,130,2026-08-09 08:50:40,299
2348,322,2026-07-28 23:13:40,599
2349,300,2026-06-30 22:57:40,999
2350,674,2026-06-30 00:36:40,399
2351,257,2026-08-22 10:03:40,2499
2352,753,2026-07-29 11:00:40,2499
2353,310,2026-07-30 20:50:40,1999
2354,251,2026-08-20 11:52:40,2499
2355,555,2026-08-17 06:35:40,799
2356,923,2026-08-06 02:11:40,999
2357,287,2026-06-24 10:30:40,499
2358,862,2026-08-19 10:51:40,2499
2359,567,2026-07-10 06:55:40,2499
2360,836,2026-07-02 04:47:40,2499
2361,451,2026-09-05 17:39:40,299
2362,511,2026-06-18 11:49:40,1499
2363,394,2026-07-22 05:35:40,699
2364,876,2026-08-31 16:03:40,299
2365,884,2026-08-01 16:00:40,299
2366,230,2026-07-10 15:43:40,1999
2367,442,2026-08-21 05:14:40,699
2368,33,2026-08-22 15:31:40,299
2369,932,2026-08-30 14:31:40,699
2370,830,2026-08-28 10:20:40,299
2371,350,2026-09-01 17:27:40,899
2372,802,2026-06-21 07:07:40,899
2373,976,2026-09-08 13:26:40,1199
2374,475,2026-08-07 22:18:40,1499
2375,788,2026-08-19 11:42:40,899
2376,479,2026-07-14 08:30:40,299
2377,288,2026-09-09 11:37:40,599
2378,790,2026-08-22 12:53:40,1499
2379,405,2026-06-18 22:49:40,799
2380,276,2026-09-06 12:22:40,1999
2381,830,2026-08-30 03:39:40,699
2382,583,2026-09-06 14:25:40,699
2383,868,2026-07-06 18:01:40,299
2384,451,2026-06-15 17:34:40,799
2385,492,2026-09-03 20:45:40,899
2386,60,2026-08-27 05:49:40,1499
2387,565,2026-07-24 06:00:40,499
2388,265,2026-07-19 12:27:40,999
2389,131,2026-07-13 23:43:40,499
2390,893,2026-09-01 23:35:40,599
2391,118,2026-09-05 04:43:40,1999
2392,519,2026-08-09 21:52:40,299
2393,567,2026-07-13 05:17:40,699
2394,999,2026-07-16 04:15:40,799
2395,554,2026-06-19 22:47:40,799
2396,112,2026-06-23 20:00:40,399
2397,524,2026-06-23 10:45:40,799
2398,585,2026-08-01 00:58:40,399
2399,658,2026-08-07 12:41:40,299
2400,335,2026-08-30 14:53:40,899
2401,919,2026-09-05 15:02:40,699
2402,637,2026-06-17 08:55:40,299
2403,298,2026-07-03 21:33:40,399
2404,624,2026-07-11 14:04:40,2499
2405,800,2026-08-18 22:17:40,799
2406,963,2026-07-11 16:25:40,1499
2407,34,2026-09-07 02:41:40,899
2408,781,2026-09-05 05:36:40,599
2409,579,2026-08-17 22:12:40,1199
2410,752,2026-08-06 21:18:40,399
2411,868,2026-08-20 05:10:40,999
2412,676,2026-08-20 20:00:40,799
2413,276,2026-07-08 21:50:40,599
2414,337,2026-07-15 14:46:40,999
2415,323,2026-06-29 01:47:40,999
2416,751,2026-08-05 14:37:40,799
2417,574,2026-08-17 06:30:40,799
2418,670,2026-08-14 22:46:40,999
2419,806,2026-08-06 11:08:40,499
2420,948,2026-08-21 11:21:40,899
2421,691,2026-08-28 00:40:40,1499
2422,267,2026-07-20 13:52:40,399
2423,84,2026-08-05 17:04:40,499
2424,590,2026-08-17 00:28:40,2999
2425,203,2026-07-07 17:32:40,499
2426,124,2026-08-06 12:20:40,1199
2427,729,2026-08-14 02:38:40,499
2428,891,2026-06-18 16:33:40,2499
2429,171,2026-06-23 08:04:40,1199
2430,941,2026-08-02 16:54:40,499
2431,412,2026-09-11 20:47:40,2499
2432,301,2026-06-29 14:29:40,799
2433,606,2026-08-30 22:38:40,2499
2434,47,2026-06-24 03:30:40,799
2435,973,2026-08-10 17:12:40,999
2436,759,2026-08-08 13:20:40,999
2437,717,2026-07-02 02:43:40,2499
2438,785,2026-08-28 19:37:40,499
2439,918,2026-06-14 22:09:40,799
2440,691,2026-09-05 17:56:40,799
2441,450,2026-07-06 20:18:40,1499
2442,287,2026-06-26 10:51:40,999
2443,350,2026-06-20 22:05:40,1199
2444,594,2026-08-18 16:50:40,799
2445,394,2026-07-24 08:41:40,299
2446,834,2026-07-10 17:05:40,699
2447,589,2026-08-31 13:38:40,799
2448,292,2026-07-05 06:50:40,699
2449,499,2026-08-09 11:28:40,499
2450,296,2026-07-17 23:20:40,399
2451,947,2026-07-14 00:49:40,499
2452,99,2026-07-10 21:25:40,1199
2453,773,2026-07-05 04:10:40,299
2454,983,2026-08-22 21:23:40,599
2455,7,2026-08-15 03:55:40,599
2456,289,2026-08-26 17:18:40,999
2457,534,2026-06-30 17:50:40,399
2458,734,2026-06-29 18:28:40,899
2459,506,2026-07-17 06:27:40,499
2460,286,2026-09-07 06:54:40,2999
2461,81,2026-07-13 02:36:40,799
2462,161,2026-08-17 13:49:40,999
2463,646,2026-08-19 01:21:40,399
2464,724,2026-09-10 14:29:40,299
2465,444,2026-06-27 02:22:40,1199
2466,326,2026-07-08 21:14:40,1999
2467,37,2026-09-03 23:32:40,599
2468,141,2026-08-28 16:27:40,599
2469,690,2026-07-09 12:02:40,499
2470,497,2026-07-08 03:03:40,699
2471,135,2026-07-10 00:28:40,399
2472,974,2026-08-20 03:19:40,599
2473,4,2026-08-08 06:03:40,1199
2474,626,2026-07-11 01:43:40,299
2475,429,2026-09-10 12:11:40,899
2476,647,2026-08-27 11:12:40,799
2477,496,2026-08-21 00:43:40,699
2478,861,2026-07-13 13:14:40,999
2479,502,2026-09-02 16:10:40,799
2480,557,2026-08-14 12:38:40,599
2481,116,2026-07-20 17:00:40,799
2482,254,2026-09-06 16:39:40,499
2483,476,2026-07-25 00:39:40,799
2484,714,2026-08-04 01:40:40,2999
2485,904,2026-08-14 19:10:40,899
2486,704,2026-07-14 03:50:40,699
2487,520,2026-07-11 16:35:40,1199
2488,791,2026-07-25 12:15:40,799
2489,422,2026-08-03 17:59:40,899
2490,267,2026-06-20 12:03:40,2499
2491,225,2026-07-28 00:24:40,299
2492,316,2026-08-10 16:46:40,1499
2493,897,2026-07-05 20:45:40,2999
2494,641,2026-06-28 23:11:40,799
2495,133,2026-08-30 20:33:40,2499
2496,22,2026-08-01 06:21:40,2499
2497,342,2026-07-29 20:36:40,1999
2498,51,2026-08-19 09:55:40,1199
2499,204,2026-07-04 20:57:40,2499
2500,235,2026-07-21 09:30:40,799
2501,340,2026-08-05 10:07:40,2499
2502,255,2026-06-15 05:26:40,299
2503,774,2026-08-20 07:04:40,899
2504,811,2026-08-15 04:42:40,699
2505,309,2026-06-17 11:12:40,2999
2506,705,2026-07-15 04:49:40,2499
2507,127,2026-08-01 23:57:40,499
2508,838,2026-07-18 05:36:40,399
2509,517,2026-08-06 03:32:40,2499
2510,851,2026-08-22 23:30:40,499
2511,98,2026-08-28 15:44:40,1499
2512,880,2026-07-23 13:59:40,1199
2513,762,2026-06-16 12:49:40,999
2514,208,2026-06-26 12:13:40,1499
2515,483,2026-08-01 12:59:40,399
2516,228,2026-08-05 20:49:40,999
2517,292,2026-09-11 21:04:40,599
2518,392,2026-06-16 19:18:40,899
2519,975,2026-07-31 21:17:40,399
2520,464,2026-07-12 21:33:40,899
2521,790,2026-07-13 17:55:40,999
2522,577,2026-06-27 23:51:40,799
2523,148,2026-09-02 05:38:40,1199
2524,174,2026-07-10 19:09:40,599
2525,86,2026-07-02 16:11:40,999
2526,536,2026-08-25 10:35:40,2999
2527,506,2026-07-16 16:51:40,2499
2528,346,2026-07-03 04:52:40,2499
2529,579,2026-08-29 17:27:40,299
2530,275,2026-09-10 10:20:40,1199
2531,814,2026-08-15 21:03:40,799
2532,983,2026-09-05 10:52:40,999
2533,726,2026-08-14 20:07:40,2499
2534,751,2026-06-24 06:59:40,2499
2535,80,2026-08-01 08:20:40,299
2536,166,2026-08-20 02:39:40,499
2537,203,2026-08-09 06:34:40,899
2538,508,2026-07-06 00:23:40,1199
2539,499,2026-07-02 03:27:40,1199
2540,429,2026-08-04 03:50:40,399
2541,446,2026-07-22 03:31:40,1999
2542,278,2026-08-19 14:11:40,799
2543,578,2026-09-05 08:41:40,699
2544,536,2026-09-09 10:23:40,1499
2545,975,2026-07-31 20:10:40,699
2546,484,2026-08-12 10:31:40,799
2547,950,2026-07-01 09:05:40,2499
2548,850,2026-08-13 03:52:40,899
2549,184,2026-07-03 18:36:40,299
2550,320,2026-09-11 09:44:40,2499
2551,97,2026-08-21 17:53:40,399
2552,63,2026-09-01 18:10:40,499
2553,69,2026-07-29 00:07:40,599
2554,354,2026-09-02 04:31:40,599
2555,282,2026-07-20 17:09:40,2499
2556,314,2026-07-31 23:21:40,899
2557,957,2026-07-16 21:06:40,1999
2558,676,2026-07-09 06:09:40,499
2559,106,2026-07-11 11:43:40,699
2560,578,2026-06-27 08:23:40,1199
2561,602,2026-09-04 15:53:40,1499
2562,791,2026-08-28 22:49:40,2999
2563,755,2026-09-01 01:30:40,999
2564,215,2026-07-05 04:22:40,599
2565,222,2026-06-25 22:41:40,499
2566,169,2026-08-13 03:52:40,399
2567,918,2026-06-20 08:04:40,2999
2568,451,2026-08-08 01:02:40,799
2569,310,2026-08-17 06:47:40,1199
2570,403,2026-08-01 16:17:40,999
2571,364,2026-07-23 19:52:40,1199
2572,81,2026-08-30 09:42:40,1999
2573,854,2026-07-20 01:41:40,899
2574,574,2026-08-09 19:16:40,2999
2575,257,2026-09-09 07:07:40,899
2576,668,2026-07-28 08:33:40,799
2577,876,2026-08-13 00:54:40,2499
2578,435,2026-07-11 23:07:40,599
2579,392,2026-07-31 09:31:40,2499
2580,11,2026-07-09 17:55:40,1199
2581,200,2026-06-14 21:51:40,799
2582,97,2026-07-31 12:04:40,299
2583,622,2026-07-18 05:13:40,699
2584,658,2026-08-14 15:34:40,2499
2585,722,2026-07-16 12:12:40,299
2586,995,2026-08-26 04:27:40,2499
2587,950,2026-08-13 23:12:40,999
2588,503,2026-07-06 19:19:40,1999
2589,769,2026-08-22 06:34:40,799
2590,30,2026-09-01 01:41:40,2499
2591,754,2026-07-06 07:37:40,899
2592,855,2026-06-29 05:00:40,1999
2593,728,2026-06-21 13:38:40,1199
2594,285,2026-07-09 00:11:40,2499
2595,18,2026-07-27 01:26:40,799
2596,920,2026-07-05 22:18:40,799
2597,529,2026-06-16 00:57:40,899
2598,858,2026-09-08 00:35:40,399
2599,198,2026-08-17 08:18:40,699
2600,86,2026-07-06 17:34:40,699
2601,624,2026-07-10 02:04:40,899
2602,178,2026-09-04 03:25:40,299
2603,319,2026-07-19 20:54:40,399
2604,350,2026-08-12 22:25:40,2499
2605,89,2026-08-25 17:37:40,399
2606,941,2026-06-25 09:18:40,399
2607,191,2026-07-24 22:12:40,299
2608,786,2026-07-05 03:45:40,1999
2609,384,2026-08-11 06:28:40,2499
2610,966,2026-07-15 13:25:40,1999
2611,658,2026-07-09 03:20:40,2499
2612,136,2026-07-23 04:56:40,2499
2613,294,2026-07-06 11:40:40,1499
2614,324,2026-08-05 11:25:40,599
2615,280,2026-07-09 08:50:40,699
2616,715,2026-08-09 11:37:40,999
2617,364,2026-08-27 14:54:40,2999
2618,658,2026-08-19 18:25:40,1999
2619,704,2026-07-05 05:25:40,1499
2620,395,2026-07-03 21:08:40,599
2621,720,2026-08-08 15:13:40,2999
2622,699,2026-07-20 09:53:40,2499
2623,992,2026-08-17 21:25:40,2499
2624,814,2026-07-18 06:04:40,2999
2625,216,2026-07-17 10:01:40,699
2626,33,2026-06-28 20:14:40,1999
2627,191,2026-08-13 08:01:40,1499
2628,331,2026-07-31 21:56:40,1999
2629,603,2026-06-18 14:16:40,399
2630,645,2026-07-29 03:42:40,899
2631,487,2026-07-26 14:13:40,399
2632,192,2026-07-29 12:42:40,999
2633,560,2026-07-07 04:00:40,2999
2634,632,2026-08-11 22:08:40,2499
2635,446,2026-08-04 19:25:40,599
2636,259,2026-07-31 22:53:40,999
2637,695,2026-08-04 12:34:40,599
2638,782,2026-08-17 06:58:40,899
2639,793,2026-07-18 21:57:40,1499
2640,30,2026-07-04 19:42:40,699
2641,908,2026-08-30 02:05:40,599
2642,975,2026-08-25 07:40:40,1999
2643,342,2026-06-20 05:51:40,2999
2644,785,2026-07-02 15:01:40,899
2645,170,2026-08-11 04:14:40,499
2646,206,2026-07-06 12:51:40,399
2647,190,2026-07-14 09:59:40,399
2648,742,2026-07-15 08:15:40,1199
2649,866,2026-07-31 04:02:40,499
2650,353,2026-06-26 19:07:40,1999
2651,404,2026-09-11 10:30:40,999
2652,685,2026-08-01 18:17:40,599
2653,782,2026-06-26 15:40:40,799
2654,782,2026-07-01 16:21:40,799
2655,920,2026-07-21 01:18:40,899
2656,612,2026-08-03 20:36:40,799
2657,501,2026-09-08 03:09:40,299
2658,228,2026-08-30 09:21:40,599
2659,378,2026-07-30 14:04:40,299
2660,626,2026-08-29 16:30:40,399
2661,662,2026-07-13 08:03:40,599
2662,46,2026-07-11 12:59:40,399
2663,348,2026-08-02 23:43:40,899
2664,155,2026-07-20 12:56:40,1999
2665,841,2026-08-14 04:48:40,899
2666,184,2026-07-04 16:15:40,1199
2667,855,2026-06-27 18:23:40,399
2668,355,2026-09-10 02:38:40,1999
2669,884,2026-08-04 03:42:40,799
2670,132,2026-08-26 19:56:40,1999
2671,466,2026-06-15 19:13:40,1999
2672,412,2026-08-07 04:51:40,899
2673,265,2026-09-03 07:10:40,2999
2674,822,2026-08-10 19:55:40,2999
2675,485,2026-07-26 20:55:40,399
2676,805,2026-07-06 17:06:40,2999
2677,393,2026-09-08 05:41:40,299
2678,346,2026-08-28 11:44:40,1199
2679,833,2026-09-01 03:27:40,999
2680,446,2026-06-20 17:50:40,299
2681,125,2026-08-15 17:55:40,299
2682,911,2026-08-30 00:55:40,699
2683,436,2026-07-28 00:50:40,2999
2684,839,2026-06-17 20:49:40,499
2685,301,2026-07-29 16:33:40,999
2686,333,2026-07-22 23:34:40,1499
2687,115,2026-07-30 02:34:40,1199
2688,757,2026-08-03 10:43:40,399
2689,548,2026-06-26 08:18:40,499
2690,649,2026-08-16 17:29:40,699
2691,354,2026-08-12 02:11:40,599
2692,941,2026-08-20 22:01:40,299
2693,79,2026-07-25 14:34:40,499
2694,624,2026-09-03 06:56:40,1199
2695,743,2026-06-24 14:31:40,1999
2696,768,2026-07-22 16:57:40,299
2697,189,2026-07-17 03:13:40,2499
2698,905,2026-06-24 16:39:40,2999
2699,197,2026-08-26 11:51:40,1499
2700,527,2026-08-22 11:16:40,2999
2701,51,2026-07-31 22:02:40,599
2702,779,2026-08-08 12:19:40,2499
2703,797,2026-07-07 12:04:40,1999
2704,47,2026-08-30 16:30:40,499
2705,695,2026-07-20 11:32:40,899
2706,213,2026-06-16 17:14:40,499
2707,282,2026-07-18 18:10:40,2999
2708,1000,2026-09-03 13:38:40,599
2709,231,2026-06-17 01:52:40,599
2710,66,2026-08-31 13:18:40,2499
2711,624,2026-08-11 21:58:40,1999
2712,610,2026-07-26 20:56:40,999
2713,953,2026-08-24 03:53:40,799
2714,328,2026-07-28 17:41:40,999
2715,875,2026-08-16 10:06:40,2499
2716,175,2026-09-08 15:48:40,899
2717,34,2026-09-06 21:37:40,1999
2718,499,2026-08-24 14:37:40,599
2719,766,2026-08-20 14:51:40,699
2720,769,2026-07-24 18:15:40,999
2721,31,2026-07-03 23:09:40,499
2722,640,2026-07-29 21:59:40,899
2723,784,2026-06-16 13:07:40,2499
2724,503,2026-07-14 16:30:40,1199
2725,135,2026-08-01 23:26:40,399
2726,100,2026-08-03 09:45:40,399
2727,585,2026-07-21 09:27:40,499
2728,786,2026-08-04 20:58:40,799
2729,770,2026-07-11 17:29:40,1499
2730,286,2026-07-24 15:12:40,399
2731,681,2026-09-10 00:20:40,1999
2732,326,2026-08-17 21:06:40,899
2733,231,2026-08-04 19:20:40,999
2734,294,2026-08-10 09:31:40,499
2735,410,2026-07-20 04:06:40,799
2736,782,2026-08-12 23:43:40,1999
2737,930,2026-06-26 16:09:40,1999
2738,429,2026-08-06 16:44:40,1999
2739,30,2026-09-01 10:40:40,1499
2740,635,2026-08-17 06:10:40,1499
2741,750,2026-08-05 03:52:40,1499
2742,256,2026-07-05 22:12:40,999
2743,701,2026-06-25 14:33:40,2499
2744,616,2026-09-05 16:07:40,1199
2745,885,2026-07-08 09:01:40,799
2746,741,2026-07-14 09:02:40,2499
2747,944,2026-07-09 13:40:40,699
2748,67,2026-06-17 10:08:40,999
2749,471,2026-07-16 01:10:40,999
2750,248,2026-07-06 18:04:40,1999
2751,114,2026-08-30 14:27:40,499
2752,251,2026-08-13 02:36:40,299
2753,767,2026-06-19 01:15:40,899
2754,888,2026-08-19 19:27:40,899
2755,73,2026-08-06 12:28:40,2499
2756,551,2026-06-30 02:21:40,1499
2757,663,2026-08-22 01:33:40,999
2758,493,2026-06-21 13:23:40,899
2759,849,2026-06-19 14:57:40,2499
2760,950,2026-08-19 00:13:40,999
2761,439,2026-06-29 06:41:40,699
2762,777,2026-08-27 07:18:40,499
2763,376,2026-08-06 00:53:40,499
2764,935,2026-07-15 18:45:40,699
2765,100,2026-07-27 00:16:40,399
2766,470,2026-08-15 11:20:40,699
2767,351,2026-07-22 02:00:40,799
2768,807,2026-08-11 01:48:40,1499
2769,282,2026-08-29 05:20:40,499
2770,152,2026-08-19 12:33:40,599
2771,902,2026-07-31 21:55:40,2499
2772,299,2026-07-24 01:42:40,1499
2773,650,2026-07-23 19:17:40,999
2774,690,2026-07-21 08:19:40,2999
2775,712,2026-06-30 08:10:40,699
2776,880,2026-08-02 12:12:40,599
2777,29,2026-07-11 21:51:40,499
2778,599,2026-06-15 11:55:40,2499
2779,521,2026-08-19 16:02:40,1499
2780,922,2026-07-05 15:13:40,499
2781,602,2026-08-17 14:05:40,799
2782,388,2026-08-15 23:42:40,1199
2783,494,2026-07-06 19:29:40,899
2784,15,2026-09-07 05:53:40,599
2785,317,2026-07-10 10:41:40,699
2786,624,2026-06-29 23:44:40,799
2787,511,2026-08-11 22:30:40,1999
2788,929,2026-06-16 03:26:40,2999
2789,807,2026-08-20 11:19:40,599
2790,373,2026-09-07 04:57:40,1999
2791,102,2026-07-26 19:36:40,699
2792,567,2026-08-22 03:06:40,399
2793,994,2026-06-21 18:08:40,1199
2794,254,2026-07-15 12:23:40,2499
2795,188,2026-09-11 00:26:40,599
2796,234,2026-09-11 02:01:40,499
2797,42,2026-08-30 12:07:40,699
2798,94,2026-07-09 03:25:40,399
2799,928,2026-06-30 19:51:40,299
2800,213,2026-07-13 11:09:40,2999
2801,596,2026-08-14 17:38:40,1199
2802,903,2026-06-20 14:22:40,1999
2803,75,2026-07-09 18:39:40,999
2804,86,2026-08-13 09:38:40,1199
2805,604,2026-07-11 23:03:40,699
2806,583,2026-06-15 21:59:40,399
2807,738,2026-08-09 23:44:40,1499
2808,826,2026-09-03 23:20:40,999
2809,1,2026-07-16 17:10:40,699
2810,505,2026-09-02 08:53:40,1199
2811,495,2026-08-18 13:13:40,699
2812,271,2026-08-21 10:53:40,699
2813,695,2026-08-24 19:51:40,1999
2814,451,2026-06-28 09:03:40,299
2815,327,2026-08-18 19:03:40,499
2816,184,2026-06-22 17:15:40,699
2817,97,2026-08-09 14:12:40,1999
2818,552,2026-07-07 10:21:40,399
2819,782,2026-07-13 09:51:40,1199
2820,313,2026-07-24 20:02:40,399
2821,702,2026-07-22 22:45:40,1499
2822,689,2026-07-03 13:42:40,599
2823,785,2026-08-03 09:26:40,499
2824,625,2026-09-06 08:52:40,1199
2825,486,2026-09-05 23:22:40,899
2826,799,2026-07-18 11:31:40,699
2827,484,2026-07-22 14:41:40,699
2828,342,2026-07-30 02:52:40,999
2829,316,2026-08-07 21:57:40,2999
2830,428,2026-06-14 15:35:40,899
2831,363,2026-09-04 08:01:40,2999
2832,281,2026-06-17 01:44:40,599
2833,678,2026-07-16 13:25:40,799
2834,25,2026-07-25 17:22:40,899
2835,334,2026-08-24 21:19:40,599
2836,817,2026-07-11 23:04:40,999
2837,877,2026-07-19 06:36:40,599
2838,165,2026-07-26 03:02:40,2499
2839,608,2026-08-13 05:21:40,1999
2840,400,2026-09-11 02:03:40,599
2841,287,2026-08-30 21:56:40,299
2842,104,2026-06-21 23:53:40,699
2843,551,2026-07-31 18:31:40,699
2844,114,2026-08-13 08:28:40,2499
2845,76,2026-07-26 02:58:40,499
2846,895,2026-07-03 21:51:40,1499
2847,205,2026-08-24 06:00:40,599
2848,336,2026-08-26 21:20:40,1999
2849,267,2026-08-24 20:24:40,699
2850,707,2026-06-16 08:21:40,2999
2851,70,2026-09-12 02:19:40,799
2852,981,2026-07-30 18:19:40,599
2853,189,2026-07-25 17:46:40,999
2854,371,2026-07-26 10:15:40,2499
2855,266,2026-07-16 23:19:40,299
2856,144,2026-06-29 23:58:40,899
2857,406,2026-08-15 05:25:40,1199
2858,62,2026-08-18 14:33:40,1499
2859,448,2026-06-18 20:27:40,2999
2860,335,2026-08-21 18:50:40,1499
2861,342,2026-09-03 06:19:40,399
2862,579,2026-06-25 21:21:40,399
2863,545,2026-07-04 20:26:40,399
2864,588,2026-08-12 23:13:40,599
2865,770,2026-06-24 00:59:40,699
2866,477,2026-08-11 02:41:40,1999
2867,339,2026-06-23 09:13:40,1499
2868,348,2026-08-11 20:21:40,2499
2869,758,2026-08-08 03:57:40,1499
2870,301,2026-06-14 23:25:40,899
2871,20,2026-06-15 10:52:40,899
2872,155,2026-07-17 11:09:40,1999
2873,787,2026-07-25 21:01:40,1999
2874,682,2026-07-09 22:31:40,799
2875,915,2026-08-26 07:44:40,2999
2876,152,2026-07-10 12:43:40,399
2877,27,2026-08-21 23:26:40,299
2878,799,2026-06-30 20:54:40,399
2879,336,2026-07-24 11:14:40,599
2880,207,2026-07-22 08:59:40,699
2881,239,2026-07-11 14:33:40,499
2882,899,2026-08-09 07:25:40,899
2883,27,2026-08-10 03:26:40,2499
2884,214,2026-08-01 05:00:40,999
2885,409,2026-07-09 10:21:40,899
2886,605,2026-06-29 05:43:40,1199
2887,936,2026-08-28 03:05:40,399
2888,167,2026-07-10 07:03:40,2499
2889,620,2026-07-30 02:52:40,899
2890,196,2026-07-10 06:23:40,1199
2891,369,2026-08-14 12:04:40,399
2892,968,2026-08-11 03:32:40,899
2893,823,2026-08-06 16:26:40,399
2894,364,2026-07-30 13:25:40,399
2895,445,2026-09-05 12:46:40,2499
2896,87,2026-09-06 00:23:40,899
2897,897,2026-08-13 03:49:40,2499
2898,663,2026-07-25 04:41:40,599
2899,182,2026-08-25 03:40:40,1199
2900,160,2026-07-02 02:02:40,2999
2901,40,2026-06-21 23:23:40,599
2902,888,2026-09-06 12:55:40,1499
2903,425,2026-07-04 16:43:40,499
2904,959,2026-08-19 08:19:40,2999
2905,830,2026-09-07 08:55:40,399
2906,806,2026-07-04 04:03:40,599
2907,314,2026-08-04 23:55:40,699
2908,637,2026-07-25 04:22:40,299
2909,340,2026-06-17 18:34:40,2499
2910,893,2026-07-02 16:34:40,1199
2911,387,2026-08-30 03:05:40,499
2912,162,2026-06-26 03:54:40,599
2913,95,2026-08-06 05:39:40,999
2914,476,2026-08-06 21:00:40,499
2915,878,2026-08-30 23:32:40,699
2916,488,2026-08-13 11:40:40,799
2917,673,2026-08-22 15:11:40,1999
2918,734,2026-06-26 19:03:40,2499
2919,852,2026-08-26 09:40:40,599
2920,528,2026-06-30 07:46:40,1999
2921,85,2026-06-27 01:57:40,699
2922,909,2026-08-31 06:47:40,599
2923,257,2026-07-08 03:14:40,699
2924,337,2026-08-13 01:09:40,1199
2925,530,2026-08-26 12:20:40,499
2926,336,2026-08-07 15:14:40,499
2927,594,2026-06-19 03:29:40,2999
2928,395,2026-09-02 05:22:40,599
2929,187,2026-06-15 08:12:40,299
2930,856,2026-07-14 08:57:40,799
2931,12,2026-08-26 19:02:40,799
2932,193,2026-09-02 21:57:40,999
2933,220,2026-08-11 22:48:40,1199
2934,451,2026-06-30 02:49:40,1999
2935,787,2026-08-18 13:53:40,499
2936,262,2026-07-27 19:21:40,1199
2937,468,2026-09-06 07:14:40,799
2938,782,2026-08-19 11:36:40,2999
2939,375,2026-08-07 23:33:40,1199
2940,130,2026-06-26 11:01:40,399
2941,124,2026-08-24 01:50:40,499
2942,895,2026-07-28 13:00:40,899
2943,567,2026-06-24 19:43:40,899
2944,840,2026-08-18 09:41:40,1999
2945,228,2026-06-16 10:18:40,2499
2946,363,2026-08-20 23:21:40,499
2947,577,2026-08-20 19:35:40,2999
2948,546,2026-07-30 20:46:40,2499
2949,970,2026-08-20 08:55:40,499
2950,103,2026-09-09 09:12:40,1999
2951,880,2026-09-01 11:25:40,2999
2952,734,2026-07-03 21:11:40,899
2953,879,2026-07-09 11:35:40,899
2954,304,2026-08-02 19:58:40,999
2955,480,2026-07-25 08:18:40,699
2956,1,2026-06-23 12:17:40,1199
2957,685,2026-07-23 10:31:40,2499
2958,628,2026-08-29 05:35:40,2999
2959,421,2026-07-01 08:02:40,499
2960,783,2026-07-15 16:22:40,499
2961,662,2026-08-06 16:09:40,599
2962,255,2026-07-28 05:46:40,699
2963,144,2026-08-04 07:18:40,2499
2964,600,2026-09-08 07:45:40,999
2965,146,2026-09-08 12:20:40,799
2966,12,2026-09-03 07:05:40,699
2967,537,2026-06-28 00:10:40,999
2968,238,2026-09-06 17:51:40,399
2969,555,2026-08-31 17:41:40,399
2970,902,2026-07-27 11:34:40,899
2971,859,2026-07-16 07:12:40,999
2972,437,2026-08-27 09:28:40,2499
2973,709,2026-08-15 12:46:40,1199
2974,106,2026-06-26 03:10:40,1499
2975,886,2026-07-30 11:27:40,1999
2976,507,2026-09-11 16:58:40,299
2977,654,2026-06-27 12:25:40,2499
2978,751,2026-07-19 12:12:40,1199
2979,337,2026-08-07 01:25:40,699
2980,366,2026-06-24 03:38:40,2499
2981,826,2026-08-15 11:09:40,999
2982,227,2026-08-28 17:14:40,699
2983,107,2026-08-15 21:10:40,1499
2984,385,2026-08-30 20:27:40,1999
2985,392,2026-06-19 22:38:40,1499
2986,859,2026-09-04 07:08:40,399
2987,121,2026-07-14 15:09:40,1999
2988,727,2026-08-30 17:24:40,899
2989,736,2026-06-19 15:13:40,2999
2990,451,2026-08-11 22:27:40,1199
2991,39,2026-08-05 00:19:40,2999
2992,443,2026-09-07 03:45:40,1499
2993,186,2026-06-17 23:53:40,399
2994,300,2026-08-05 04:18:40,999
2995,870,2026-07-16 15:24:40,1999
2996,353,2026-07-29 10:49:40,999
2997,803,2026-06-20 14:01:40,2499
2998,651,2026-07-17 08:45:40,1199
2999,790,2026-08-23 23:52:40,2499
3000,411,2026-07-28 09:26:40,999
3001,878,2026-06-25 13:54:40,1499
3002,552,2026-07-13 14:25:40,699
3003,104,2026-06-25 23:57:40,799
3004,637,2026-08-16 23:43:40,2999
3005,392,2026-07-09 12:26:40,2499
3006,498,2026-07-28 14:23:40,999
3007,918,2026-07-30 08:42:40,799
3008,17,2026-06-28 10:09:40,699
3009,931,2026-08-18 02:13:40,1199
3010,304,2026-08-24 20:43:40,899
3011,634,2026-09-11 05:44:40,399
3012,93,2026-08-30 00:57:40,699
3013,150,2026-07-27 20:54:40,899
3014,137,2026-08-02 07:26:40,2499
3015,835,2026-07-21 23:08:40,399
3016,332,2026-07-12 18:24:40,299
3017,252,2026-08-23 08:14:40,699
3018,27,2026-08-16 11:25:40,2499
3019,225,2026-07-15 11:00:40,1999
3020,832,2026-07-11 07:32:40,699
3021,250,2026-06-16 23:02:40,999
3022,425,2026-08-24 21:08:40,599
3023,423,2026-07-07 20:09:40,899
3024,643,2026-08-26 16:19:40,699
3025,724,2026-07-30 11:59:40,799
3026,374,2026-07-14 14:06:40,799
3027,79,2026-09-10 07:52:40,2499
3028,253,2026-08-21 21:40:40,399
3029,940,2026-08-18 02:02:40,1199
3030,322,2026-06-27 22:46:40,2499
3031,357,2026-09-12 00:07:40,599
3032,477,2026-07-18 22:25:40,299
3033,472,2026-09-01 18:03:40,1499
3034,447,2026-06-22 08:33:40,1199
3035,460,2026-08-24 23:35:40,799
3036,489,2026-07-02 06:15:40,799
3037,67,2026-07-19 21:48:40,2499
3038,29,2026-08-29 18:59:40,2499
3039,783,2026-07-01 15:45:40,1999
3040,463,2026-07-23 21:16:40,1999
3041,312,2026-07-26 11:08:40,2999
3042,897,2026-08-18 16:41:40,2999
3043,553,2026-09-09 21:52:40,299
3044,995,2026-08-31 05:17:40,2999
3045,367,2026-08-28 07:21:40,399
3046,629,2026-06-22 19:58:40,2499
3047,166,2026-07-08 11:10:40,2999
3048,778,2026-07-06 08:33:40,1999
3049,952,2026-08-17 02:39:40,799
3050,92,2026-06-26 16:08:40,2499
3051,972,2026-09-09 16:23:40,899
3052,391,2026-09-11 18:40:40,799
3053,188,2026-06-26 12:54:40,499
3054,725,2026-08-08 12:03:40,399
3055,189,2026-07-17 15:44:40,599
3056,360,2026-09-04 23:37:40,799
3057,463,2026-06-26 19:48:40,299
3058,901,2026-08-30 05:07:40,299
3059,700,2026-07-31 06:42:40,299
3060,987,2026-08-20 03:32:40,799
3061,394,2026-07-23 04:23:40,1499
3062,577,2026-07-31 05:43:40,599
3063,652,2026-09-01 18:43:40,1199
3064,224,2026-07-28 07:27:40,1999
3065,935,2026-07-03 22:55:40,1499
3066,182,2026-08-10 02:26:40,2999
3067,182,2026-08-17 08:24:40,999
3068,32,2026-09-01 05:31:40,1199
3069,910,2026-06-29 13:31:40,699
3070,111,2026-07-29 00:43:40,1499
3071,531,2026-07-05 07:03:40,599
3072,618,2026-07-03 23:30:40,799
3073,961,2026-08-12 01:07:40,899
3074,803,2026-08-10 07:14:40,1199
3075,68,2026-07-27 10:55:40,499
3076,246,2026-08-15 10:22:40,899
3077,43,2026-07-29 05:30:40,999
3078,831,2026-09-07 02:20:40,1499
3079,102,2026-08-19 06:14:40,1999
3080,329,2026-08-20 22:08:40,2499
3081,545,2026-08-19 16:20:40,1199
3082,659,2026-07-09 12:52:40,499
3083,459,2026-07-09 13:12:40,899
3084,414,2026-08-08 15:37:40,999
3085,25,2026-08-15 06:52:40,1199
3086,496,2026-08-31 15:51:40,999
3087,806,2026-07-21 01:16:40,299
3088,541,2026-06-19 09:37:40,699
3089,914,2026-08-29 03:29:40,1499
3090,556,2026-07-06 23:52:40,2499
3091,50,2026-08-21 03:35:40,699
3092,395,2026-07-08 15:06:40,299
3093,844,2026-09-09 17:19:40,1199
3094,537,2026-07-06 19:55:40,1999
3095,716,2026-06-19 09:38:40,999
3096,973,2026-07-07 11:17:40,799
3097,75,2026-07-10 18:45:40,1499
3098,656,2026-08-31 03:34:40,899
3099,211,2026-09-10 07:31:40,699
3100,5,2026-07-15 01:24:40,799
3101,182,2026-08-02 10:55:40,899
3102,46,2026-07-03 08:10:40,599
3103,637,2026-09-07 12:28:40,899
3104,697,2026-08-27 02:27:40,1999
3105,318,2026-07-11 00:19:40,699
3106,420,2026-09-10 03:58:40,899
3107,387,2026-07-19 10:24:40,2999
3108,500,2026-07-16 22:32:40,1999
3109,710,2026-08-03 05:16:40,2999
3110,460,2026-07-01 01:16:40,599
3111,73,2026-09-03 06:39:40,499
3112,924,2026-08-15 05:43:40,1199
3113,336,2026-07-06 02:48:40,1999
3114,733,2026-09-10 15:50:40,1199
3115,294,2026-07-20 21:48:40,399
3116,780,2026-06-29 16:24:40,599
3117,974,2026-06-25 21:26:40,999
3118,206,2026-06-30 19:34:40,999
3119,491,2026-06-27 06:46:40,299
3120,854,2026-08-02 08:37:40,2999
3121,711,2026-06-22 10:59:40,1499
3122,380,2026-08-10 02:41:40,999
3123,612,2026-06-20 01:31:40,1199
3124,786,2026-07-08 10:18:40,799
3125,45,2026-08-25 03:41:40,799
3126,881,2026-07-16 08:54:40,999
3127,206,2026-09-04 04:57:40,899
3128,157,2026-07-21 19:36:40,599
3129,189,2026-09-02 09:53:40,1999
3130,739,2026-08-09 04:27:40,999
3131,72,2026-07-15 23:05:40,699
3132,571,2026-07-04 08:07:40,799
3133,59,2026-06-29 00:36:40,899
3134,531,2026-08-21 04:11:40,2499
3135,174,2026-07-25 14:34:40,499
3136,924,2026-06-28 00:46:40,299
3137,391,2026-06-14 21:35:40,899
3138,788,2026-08-25 07:26:40,599
3139,781,2026-09-02 05:08:40,1199
3140,76,2026-06-17 00:24:40,999
3141,960,2026-08-26 23:56:40,699
3142,703,2026-08-31 16:00:40,2499
3143,244,2026-09-09 19:11:40,699
3144,354,2026-09-03 18:02:40,499
3145,466,2026-08-21 14:46:40,499
3146,294,2026-09-04 02:43:40,899
3147,264,2026-07-04 15:19:40,299
3148,443,2026-07-22 07:34:40,999
3149,421,2026-08-22 10:57:40,499
3150,861,2026-09-02 14:45:40,899
3151,432,2026-08-06 18:18:40,999
3152,455,2026-08-02 17:55:40,799
3153,334,2026-09-07 15:40:40,2499
3154,543,2026-07-10 10:45:40,2499
3155,196,2026-08-25 10:27:40,2499
3156,676,2026-09-01 15:29:40,999
3157,562,2026-08-05 15:13:40,699
3158,219,2026-08-03 08:02:40,399
3159,556,2026-09-05 17:51:40,2999
3160,891,2026-09-01 16:35:40,599
3161,223,2026-07-27 21:28:40,499
3162,676,2026-08-02 19:59:40,499
3163,966,2026-08-09 04:16:40,599
3164,396,2026-08-26 00:43:40,699
3165,764,2026-09-09 22:21:40,499
3166,657,2026-08-04 22:22:40,2999
3167,203,2026-07-03 16:52:40,999
3168,252,2026-06-30 18:52:40,1499
3169,956,2026-08-31 20:19:40,1999
3170,897,2026-06-19 00:38:40,2999
3171,67,2026-06-24 03:32:40,299
3172,340,2026-06-25 14:31:40,799
3173,208,2026-07-03 09:51:40,399
3174,372,2026-09-01 14:09:40,999
3175,487,2026-07-28 01:43:40,699
3176,311,2026-06-26 20:42:40,499
3177,168,2026-08-06 07:06:40,1499
3178,420,2026-07-04 21:07:40,1999
3179,481,2026-09-11 12:16:40,599
3180,1000,2026-06-29 00:41:40,999
3181,100,2026-06-19 08:28:40,899
3182,485,2026-08-01 18:42:40,2999
3183,21,2026-08-29 02:24:40,799
3184,954,2026-08-09 22:08:40,499
3185,459,2026-06-16 19:14:40,1499
3186,353,2026-07-27 06:28:40,799
3187,71,2026-07-06 08:11:40,699
3188,694,2026-08-03 07:39:40,2999
3189,984,2026-09-07 10:12:40,799
3190,300,2026-06-24 15:10:40,2999
3191,507,2026-06-16 23:29:40,1499
3192,428,2026-07-05 15:26:40,699
3193,197,2026-08-18 12:05:40,299
3194,502,2026-07-24 08:35:40,1999
3195,245,2026-09-11 12:48:40,999
3196,444,2026-07-27 04:49:40,2499
3197,778,2026-09-06 18:14:40,399
3198,341,2026-08-23 04:40:40,1499
3199,11,2026-08-26 03:51:40,899
3200,205,2026-08-13 15:56:40,299
3201,712,2026-09-08 12:16:40,899
3202,344,2026-07-30 20:26:40,2999
3203,435,2026-08-06 01:53:40,499
3204,966,2026-07-29 02:48:40,1199
3205,198,2026-08-15 12:49:40,399
3206,936,2026-08-11 00:37:40,2999
3207,683,2026-07-24 20:29:40,399
3208,24,2026-06-30 06:47:40,399
3209,182,2026-07-31 05:41:40,1499
3210,821,2026-07-14 06:27:40,399
3211,10,2026-06-16 03:23:40,799
3212,892,2026-09-01 05:41:40,1499
3213,642,2026-08-12 00:27:40,799
3214,805,2026-09-07 07:11:40,399
3215,58,2026-07-01 10:30:40,2499
3216,949,2026-06-24 08:37:40,2499
3217,975,2026-06-25 03:59:40,2999
3218,703,2026-07-13 09:35:40,2499
3219,82,2026-08-02 14:12:40,1199
3220,198,2026-08-13 10:17:40,999
3221,620,2026-07-07 18:50:40,2499
3222,693,2026-08-28 05:00:40,499
3223,520,2026-06-14 05:43:40,599
3224,270,2026-07-02 21:08:40,599
3225,717,2026-06-30 02:20:40,399
3226,193,2026-07-07 14:20:40,599
3227,167,2026-08-04 00:25:40,1499
3228,304,2026-08-29 17:04:40,1999
3229,293,2026-07-11 16:48:40,799
3230,754,2026-07-14 19:32:40,1999
3231,912,2026-09-09 11:50:40,2999
3232,166,2026-06-22 04:36:40,999
3233,353,2026-06-21 23:20:40,899
3234,82,2026-09-09 02:00:40,299
3235,763,2026-09-08 05:52:40,1499
3236,790,2026-07-31 02:15:40,1499
3237,695,2026-06-22 21:48:40,2499
3238,860,2026-07-24 17:54:40,2499
3239,831,2026-08-14 15:03:40,699
3240,782,2026-08-15 14:06:40,2499
3241,195,2026-07-13 21:42:40,299
3242,708,2026-07-29 17:01:40,999
3243,333,2026-08-04 18:27:40,999
3244,464,2026-07-03 08:19:40,2999
3245,395,2026-08-06 04:27:40,499
3246,808,2026-07-24 16:27:40,1999
3247,153,2026-08-04 14:32:40,899
3248,811,2026-09-06 08:41:40,1499
3249,969,2026-07-07 09:38:40,299
3250,401,2026-08-13 07:49:40,799
3251,203,2026-06-16 18:57:40,499
3252,311,2026-08-23 11:46:40,599
3253,499,2026-08-31 03:03:40,899
3254,446,2026-07-04 19:14:40,299
3255,362,2026-06-27 05:52:40,2499
3256,489,2026-08-30 12:41:40,599
3257,532,2026-08-16 09:58:40,999
3258,14,2026-07-23 23:42:40,799
3259,646,2026-07-24 01:11:40,899
3260,627,2026-06-29 22:40:40,1199
3261,289,2026-07-28 02:55:40,2999
3262,706,2026-06-30 15:08:40,999
3263,65,2026-06-16 17:55:40,899
3264,253,2026-07-10 14:16:40,599
3265,932,2026-07-25 00:30:40,999
3266,806,2026-07-19 20:53:40,1499
3267,813,2026-07-27 01:44:40,499
3268,989,2026-07-26 00:08:40,599
3269,726,2026-08-28 22:47:40,599
3270,501,2026-08-25 19:28:40,299
3271,321,2026-08-18 06:56:40,2999
3272,152,2026-09-01 13:37:40,1199
3273,503,2026-08-12 23:29:40,2499
3274,273,2026-06-22 17:56:40,2999
3275,198,2026-07-20 01:41:40,799
3276,869,2026-06-21 18:47:40,599
3277,649,2026-06-14 13:54:40,1499
3278,495,2026-08-24 08:22:40,699
3279,980,2026-07-24 18:52:40,1499
3280,905,2026-08-21 10:24:40,2999
3281,662,2026-07-08 23:10:40,399
3282,303,2026-06-22 03:28:40,599
3283,537,2026-08-17 12:47:40,2999
3284,386,2026-08-08 02:24:40,299
3285,306,2026-07-17 09:41:40,699
3286,26,2026-06-18 00:13:40,2999
3287,432,2026-06-24 15:01:40,2999
3288,932,2026-07-02 18:12:40,899
3289,569,2026-07-04 23:00:40,2999
3290,322,2026-06-27 12:01:40,699
3291,203,2026-08-30 17:50:40,499
3292,601,2026-06-30 13:33:40,399
3293,54,2026-07-25 21:02:40,799
3294,146,2026-07-25 02:56:40,1199
3295,27,2026-09-02 17:13:40,799
3296,406,2026-07-06 14:11:40,2999
3297,36,2026-09-04 12:52:40,1499
3298,775,2026-08-25 05:28:40,1199
3299,58,2026-06-30 18:36:40,399
3300,144,2026-07-03 07:05:40,499
3301,963,2026-07-14 06:20:40,799
3302,996,2026-07-29 13:37:40,899
3303,352,2026-06-22 18:57:40,1199
3304,64,2026-08-20 17:13:40,2999
3305,406,2026-09-10 08:07:40,399
3306,834,2026-07-10 17:42:40,399
3307,782,2026-07-17 10:47:40,299
3308,661,2026-09-09 20:33:40,299
3309,659,2026-09-11 11:02:40,299
3310,44,2026-07-12 10:41:40,499
3311,513,2026-07-24 13:56:40,2999
3312,650,2026-09-07 15:33:40,1199
3313,784,2026-07-21 18:33:40,1999
3314,732,2026-09-11 17:07:40,399
3315,42,2026-07-09 21:34:40,599
3316,236,2026-08-27 18:32:40,799
3317,719,2026-06-24 22:28:40,799
3318,522,2026-07-05 15:45:40,499
3319,550,2026-06-15 00:19:40,1499
3320,289,2026-07-18 20:55:40,1199
3321,398,2026-07-04 10:20:40,1499
3322,263,2026-07-26 09:52:40,699
3323,403,2026-06-29 23:50:40,999
3324,30,2026-08-10 23:13:40,1999
3325,525,2026-08-04 09:43:40,399
3326,43,2026-08-02 07:19:40,599
3327,205,2026-08-26 03:19:40,699
3328,853,2026-09-11 00:45:40,1499
3329,838,2026-07-22 15:01:40,299
3330,664,2026-09-02 11:08:40,699
3331,223,2026-08-18 03:51:40,299
3332,222,2026-07-07 13:45:40,999
3333,970,2026-08-03 02:52:40,999
3334,401,2026-08-30 09:30:40,999
3335,492,2026-08-24 22:50:40,2999
3336,684,2026-07-15 06:11:40,399
3337,906,2026-06-14 04:11:40,299
3338,878,2026-06-15 12:31:40,299
3339,311,2026-08-09 16:18:40,1499
3340,985,2026-07-04 06:35:40,799
3341,221,2026-09-04 09:59:40,2499
3342,898,2026-07-31 05:49:40,899
3343,670,2026-06-16 13:21:40,299
3344,921,2026-06-29 12:41:40,699
3345,468,2026-07-10 07:30:40,1999
3346,763,2026-09-09 04:28:40,999
3347,179,2026-06-15 06:37:40,2499
3348,241,2026-08-11 22:16:40,1199
3349,280,2026-07-18 04:16:40,1499
3350,492,2026-06-23 03:16:40,499
3351,221,2026-06-22 16:15:40,899
3352,31,2026-06-18 18:59:40,999
3353,423,2026-07-06 04:08:40,299
3354,673,2026-06-22 12:17:40,699
3355,737,2026-08-14 10:23:40,699
3356,25,2026-09-07 12:27:40,599
3357,241,2026-09-10 18:23:40,299
3358,666,2026-06-19 22:25:40,899
3359,573,2026-09-11 19:22:40,599
3360,733,2026-06-20 12:55:40,399
3361,613,2026-07-31 18:24:40,999
3362,558,2026-07-04 15:14:40,799
3363,744,2026-08-23 20:41:40,799
3364,753,2026-09-03 14:58:40,499
3365,595,2026-08-04 15:01:40,799
3366,786,2026-07-21 08:24:40,1999
3367,770,2026-08-17 01:06:40,899
3368,369,2026-08-08 06:10:40,699
3369,907,2026-07-01 14:31:40,799
3370,661,2026-08-12 18:20:40,1199
3371,883,2026-09-09 09:28:40,299
3372,352,2026-08-17 23:41:40,1499
3373,350,2026-08-23 00:25:40,2499
3374,164,2026-08-26 08:24:40,2999
3375,211,2026-09-10 15:37:40,899
3376,902,2026-06-28 20:06:40,299
3377,533,2026-06-27 21:32:40,699
3378,957,2026-08-24 00:42:40,2499
3379,233,2026-09-10 02:22:40,799
3380,501,2026-06-28 14:18:40,2999
3381,383,2026-08-23 16:05:40,1999
3382,840,2026-08-03 11:08:40,799
3383,768,2026-08-06 02:20:40,399
3384,232,2026-09-04 00:01:40,499
3385,855,2026-09-10 10:17:40,299
3386,915,2026-08-17 07:03:40,499
3387,938,2026-06-24 01:51:40,599
3388,774,2026-08-04 13:24:40,599
3389,555,2026-09-03 07:24:40,599
3390,25,2026-06-16 03:50:40,399
3391,213,2026-07-08 00:36:40,399
3392,260,2026-08-10 06:59:40,799
3393,678,2026-08-04 04:16:40,1499
3394,308,2026-07-27 15:55:40,599
3395,312,2026-08-07 23:09:40,999
3396,651,2026-08-31 21:34:40,1999
3397,504,2026-06-18 18:52:40,799
3398,32,2026-07-17 02:02:40,2999
3399,393,2026-08-21 06:59:40,2499
3400,602,2026-09-01 15:15:40,999
3401,28,2026-08-01 05:03:40,2999
3402,928,2026-06-25 18:48:40,1199
3403,95,2026-06-24 11:18:40,2499
3404,647,2026-06-26 17:56:40,2499
3405,346,2026-07-14 23:02:40,299
3406,331,2026-07-23 21:21:40,2499
3407,876,2026-08-10 10:11:40,899
3408,98,2026-06-16 00:40:40,1499
3409,884,2026-09-08 04:31:40,1199
3410,456,2026-06-22 19:43:40,999
3411,282,2026-09-11 21:56:40,2999
3412,948,2026-08-22 00:18:40,299
3413,260,2026-08-27 07:16:40,1199
3414,503,2026-07-06 17:50:40,499
3415,41,2026-07-21 22:53:40,899
3416,113,2026-09-09 08:25:40,399
3417,204,2026-08-14 18:47:40,299
3418,397,2026-09-05 09:21:40,899
3419,45,2026-07-22 08:46:40,799
3420,887,2026-09-09 22:26:40,999
3421,235,2026-08-10 02:30:40,399
3422,104,2026-07-05 07:40:40,2499
3423,970,2026-08-30 21:33:40,999
3424,509,2026-07-31 01:59:40,299
3425,726,2026-08-21 01:55:40,1999
3426,557,2026-06-27 17:02:40,299
3427,286,2026-08-08 21:16:40,899
3428,69,2026-06-22 05:48:40,1999
3429,367,2026-08-13 16:04:40,599
3430,929,2026-07-01 06:33:40,499
3431,89,2026-08-26 09:14:40,599
3432,457,2026-09-06 20:55:40,1199
3433,270,2026-08-14 06:22:40,1999
3434,190,2026-08-27 16:39:40,1199
3435,41,2026-07-13 09:41:40,699
3436,137,2026-09-11 15:32:40,799
3437,62,2026-08-18 03:39:40,1199
3438,682,2026-07-18 22:05:40,299
3439,311,2026-07-01 14:30:40,599
3440,882,2026-08-14 09:44:40,1999
3441,487,2026-08-14 18:45:40,399
3442,177,2026-08-02 21:12:40,1999
3443,555,2026-06-23 08:14:40,499
3444,879,2026-08-18 08:27:40,2999
3445,70,2026-08-14 19:36:40,1499
3446,169,2026-07-16 00:20:40,899
3447,860,2026-09-02 14:46:40,699
3448,417,2026-06-21 16:34:40,799
3449,800,2026-08-03 03:44:40,1999
3450,744,2026-07-31 16:00:40,1499
3451,857,2026-07-13 03:30:40,499
3452,491,2026-08-31 20:28:40,899
3453,662,2026-09-03 08:47:40,1499
3454,534,2026-07-20 19:21:40,399
3455,444,2026-08-29 03:58:40,399
3456,576,2026-06-25 02:29:40,2999
3457,150,2026-09-04 04:55:40,699
3458,403,2026-07-19 18:13:40,2999
3459,940,2026-07-27 13:25:40,1199
3460,620,2026-07-25 13:26:40,999
3461,524,2026-08-15 16:20:40,2499
3462,604,2026-09-10 21:31:40,1999
3463,620,2026-08-30 01:22:40,1499
3464,141,2026-08-13 13:37:40,2499
3465,502,2026-07-27 21:05:40,1499
3466,647,2026-06-22 12:12:40,699
3467,957,2026-07-18 13:10:40,1199
3468,234,2026-07-24 14:30:40,599
3469,580,2026-07-08 14:51:40,599
3470,846,2026-07-26 20:15:40,899
3471,286,2026-07-17 22:59:40,1999
3472,675,2026-07-08 23:28:40,2999
3473,143,2026-09-10 12:44:40,1999
3474,703,2026-07-31 02:06:40,1199
3475,329,2026-07-10 18:09:40,1199
3476,178,2026-06-30 03:18:40,699
3477,654,2026-07-15 10:10:40,2999
3478,649,2026-07-27 09:28:40,1999
3479,830,2026-08-16 14:47:40,899
3480,496,2026-07-18 22:01:40,1199
3481,350,2026-07-02 12:10:40,399
3482,259,2026-06-29 16:24:40,1199
3483,403,2026-06-14 05:44:40,2999
3484,957,2026-07-16 19:01:40,1199
3485,598,2026-07-19 20:08:40,899
3486,204,2026-07-18 04:59:40,1999
3487,502,2026-08-29 07:02:40,899
3488,397,2026-07-24 06:40:40,499
3489,126,2026-07-30 04:34:40,399
3490,285,2026-06-27 21:06:40,699
3491,131,2026-06-27 03:15:40,899
3492,210,2026-06-20 01:08:40,299
3493,11,2026-06-28 14:11:40,2499
3494,284,2026-07-20 16:47:40,599
3495,226,2026-09-01 23:08:40,2999
3496,274,2026-08-23 15:25:40,599
3497,156,2026-06-16 21:09:40,799
3498,781,2026-07-12 09:23:40,899
3499,209,2026-08-22 22:33:40,499
3500,94,2026-08-27 03:11:40,699
3501,829,2026-08-15 06:38:40,599
3502,866,2026-08-05 10:47:40,999
3503,625,2026-07-05 09:30:40,599
3504,287,2026-06-27 03:47:40,1999
3505,316,2026-08-08 22:27:40,1499
3506,870,2026-08-02 17:45:40,599
3507,103,2026-06-24 17:17:40,999
3508,454,2026-07-04 03:28:40,899
3509,872,2026-08-31 15:33:40,1199
3510,784,2026-07-18 10:28:40,1999
3511,504,2026-08-08 19:53:40,799
3512,22,2026-08-16 20:11:40,899
3513,859,2026-08-09 22:45:40,799
3514,148,2026-06-23 23:25:40,2499
3515,700,2026-08-01 09:22:40,899
3516,213,2026-07-11 13:54:40,899
3517,281,2026-07-16 01:50:40,599
3518,389,2026-08-29 18:33:40,1999
3519,958,2026-08-25 11:13:40,2499
3520,67,2026-08-11 02:23:40,299
3521,399,2026-08-26 14:55:40,899
3522,21,2026-08-15 17:18:40,999
3523,932,2026-08-07 05:59:40,699
3524,357,2026-07-13 11:55:40,699
3525,491,2026-07-04 08:46:40,1499
3526,661,2026-08-19 23:05:40,2999
3527,201,2026-06-18 15:55:40,299
3528,779,2026-07-13 06:17:40,499
3529,95,2026-09-01 02:07:40,299
3530,257,2026-06-24 20:31:40,699
3531,464,2026-07-03 12:41:40,899
3532,286,2026-07-07 10:58:40,699
3533,171,2026-08-19 05:46:40,399
3534,636,2026-06-20 22:13:40,2999
3535,804,2026-07-06 13:07:40,999
3536,965,2026-08-07 08:47:40,299
3537,828,2026-07-09 23:17:40,399
3538,69,2026-06-26 12:24:40,2999
3539,184,2026-08-21 07:21:40,999
3540,567,2026-08-01 02:43:40,499
3541,547,2026-07-07 11:22:40,299
3542,334,2026-07-05 12:04:40,299
3543,513,2026-08-17 04:57:40,499
3544,172,2026-06-20 18:41:40,499
3545,248,2026-08-30 15:08:40,2999
3546,286,2026-08-12 11:01:40,499
3547,728,2026-06-29 01:47:40,499
3548,656,2026-08-30 04:36:40,899
3549,140,2026-06-14 13:01:40,1199
3550,819,2026-08-16 01:20:40,899
3551,564,2026-08-23 02:57:40,1199
3552,478,2026-09-04 19:54:40,2999
3553,621,2026-08-27 02:25:40,2499
3554,415,2026-07-16 20:31:40,899
3555,171,2026-08-17 18:40:40,2999
3556,38,2026-07-10 06:10:40,799
3557,863,2026-07-22 07:10:40,899
3558,392,2026-08-01 12:55:40,299
3559,323,2026-08-15 10:20:40,299
3560,221,2026-08-09 00:20:40,499
3561,461,2026-08-29 02:40:40,1999
3562,813,2026-07-22 15:47:40,499
3563,17,2026-07-13 17:48:40,999
3564,409,2026-08-13 02:01:40,799
3565,904,2026-07-10 17:40:40,899
3566,983,2026-06-20 10:41:40,1999
3567,945,2026-06-26 12:55:40,299
3568,359,2026-08-12 16:28:40,1999
3569,894,2026-08-08 06:10:40,699
3570,364,2026-08-18 21:02:40,299
3571,957,2026-08-14 05:54:40,799
3572,199,2026-07-23 19:42:40,299
3573,104,2026-07-03 03:17:40,1199
3574,277,2026-06-21 04:04:40,599
3575,646,2026-08-19 14:33:40,999
3576,414,2026-07-26 23:01:40,799
3577,637,2026-07-25 12:55:40,299
3578,821,2026-08-19 21:39:40,999
3579,777,2026-08-15 17:20:40,1199
3580,38,2026-09-07 21:18:40,2499
3581,580,2026-08-17 05:41:40,899
3582,339,2026-09-07 02:00:40,2499
3583,740,2026-09-03 11:41:40,499
3584,781,2026-07-09 06:11:40,899
3585,283,2026-08-03 10:34:40,299
3586,311,2026-06-15 07:44:40,899
3587,583,2026-07-08 17:23:40,499
3588,438,2026-08-23 21:48:40,599
3589,1,2026-06-22 09:26:40,299
3590,272,2026-08-14 05:46:40,999
3591,938,2026-07-06 01:03:40,399
3592,82,2026-09-07 18:23:40,799
3593,632,2026-07-31 18:48:40,1499
3594,572,2026-08-24 02:53:40,1999
3595,681,2026-07-25 19:41:40,1999
3596,699,2026-08-28 20:15:40,699
3597,826,2026-08-29 10:46:40,299
3598,445,2026-08-14 11:53:40,1199
3599,308,2026-08-17 02:57:40,299
3600,975,2026-08-28 13:23:40,699
3601,110,2026-07-02 20:46:40,2999
3602,225,2026-07-15 18:29:40,499
3603,949,2026-06-27 02:06:40,1199
3604,372,2026-08-06 02:57:40,899
3605,581,2026-07-26 12:37:40,599
3606,167,2026-09-01 19:31:40,1999
3607,68,2026-07-24 04:59:40,899
3608,835,2026-08-08 07:58:40,999
3609,32,2026-07-26 14:39:40,699
3610,242,2026-08-15 19:31:40,899
3611,603,2026-07-11 15:59:40,599
3612,294,2026-07-15 23:23:40,499
3613,345,2026-07-04 22:52:40,1499
3614,386,2026-06-24 06:37:40,399
3615,816,2026-06-15 08:06:40,899
3616,505,2026-06-26 02:13:40,499
3617,53,2026-06-14 18:43:40,299
3618,137,2026-07-21 15:15:40,1999
3619,941,2026-09-11 15:14:40,1499
3620,90,2026-06-19 09:29:40,699
3621,339,2026-06-26 05:09:40,399
3622,41,2026-08-31 04:24:40,599
3623,809,2026-07-05 16:24:40,999
3624,111,2026-07-18 21:50:40,1499
3625,857,2026-08-20 06:25:40,1499
3626,292,2026-07-01 06:01:40,1499
3627,873,2026-07-17 09:13:40,2999
3628,717,2026-08-18 07:03:40,1499
3629,230,2026-09-10 12:34:40,899
3630,873,2026-07-28 00:42:40,2499
3631,485,2026-08-10 15:04:40,699
3632,301,2026-09-06 02:24:40,899
3633,429,2026-07-14 13:14:40,799
3634,216,2026-07-14 17:41:40,2499
3635,159,2026-06-18 05:35:40,1499
3636,897,2026-06-29 07:38:40,999
3637,130,2026-07-04 02:36:40,699
3638,789,2026-07-27 01:52:40,1499
3639,245,2026-08-14 16:58:40,399
3640,953,2026-09-05 01:14:40,1199
3641,747,2026-08-28 13:31:40,2499
3642,215,2026-08-13 23:34:40,799
3643,161,2026-08-03 09:54:40,399
3644,51,2026-06-18 11:56:40,499
3645,833,2026-08-16 18:14:40,899
3646,803,2026-07-25 17:40:40,799
3647,764,2026-08-08 00:52:40,2999
3648,581,2026-09-11 08:32:40,2999
3649,169,2026-07-16 16:37:40,999
3650,897,2026-07-26 07:34:40,499
3651,246,2026-08-18 23:03:40,699
3652,930,2026-07-10 02:43:40,899
3653,40,2026-06-15 23:55:40,2499
3654,352,2026-08-31 14:53:40,299
3655,108,2026-08-14 19:44:40,599
3656,152,2026-07-27 01:14:40,2499
3657,762,2026-08-17 12:05:40,899
3658,911,2026-08-20 22:11:40,1499
3659,202,2026-08-09 03:23:40,299
3660,466,2026-08-28 20:50:40,1199
3661,774,2026-08-11 04:50:40,799
3662,19,2026-08-05 22:12:40,2999
3663,65,2026-08-13 17:31:40,999
3664,937,2026-08-30 21:46:40,799
3665,855,2026-08-28 11:00:40,699
3666,308,2026-09-05 05:24:40,599
3667,685,2026-08-27 11:57:40,699
3668,5,2026-08-20 10:34:40,599
3669,975,2026-08-10 10:57:40,299
3670,441,2026-06-20 06:23:40,2999
3671,281,2026-08-21 20:58:40,299
3672,514,2026-09-03 13:21:40,1499
3673,680,2026-06-20 19:09:40,599
3674,547,2026-09-06 20:50:40,2999
3675,119,2026-07-14 16:07:40,2499
3676,337,2026-07-06 21:13:40,599
3677,15,2026-09-09 16:37:40,799
3678,663,2026-07-15 18:33:40,399
3679,133,2026-07-17 09:14:40,699
3680,688,2026-07-16 16:42:40,899
3681,209,2026-07-04 14:38:40,2999
3682,955,2026-07-20 13:06:40,2499
3683,562,2026-09-03 05:36:40,499
3684,895,2026-06-29 03:47:40,399
3685,798,2026-07-18 08:39:40,2999
3686,463,2026-07-27 07:04:40,2999
3687,856,2026-08-21 18:04:40,399
3688,493,2026-09-07 22:49:40,2999
3689,86,2026-07-29 05:54:40,499
3690,398,2026-07-08 20:48:40,2499
3691,19,2026-09-01 05:36:40,499
3692,150,2026-07-27 09:05:40,2499
3693,548,2026-07-08 19:31:40,2999
3694,647,2026-07-28 03:53:40,899
3695,812,2026-08-08 07:23:40,1199
3696,795,2026-08-04 09:42:40,599
3697,636,2026-09-03 19:21:40,1499
3698,766,2026-09-11 06:19:40,599
3699,855,2026-09-06 19:07:40,2999
3700,469,2026-08-02 14:13:40,799
3701,204,2026-06-19 05:00:40,599
3702,4,2026-08-26 14:33:40,1999
3703,957,2026-07-31 23:53:40,899
3704,768,2026-06-14 14:27:40,999
3705,88,2026-07-01 07:10:40,1199
3706,575,2026-06-28 21:40:40,999
3707,507,2026-08-23 21:18:40,2999
3708,349,2026-06-29 23:23:40,299
3709,806,2026-09-03 13:47:40,699
3710,550,2026-08-07 12:34:40,399
3711,57,2026-07-23 00:40:40,2499
3712,265,2026-08-01 07:49:40,799
3713,871,2026-08-05 06:05:40,799
3714,77,2026-08-16 13:19:40,699
3715,417,2026-06-16 03:50:40,799
3716,190,2026-06-25 08:31:40,1199
3717,618,2026-08-29 06:55:40,399
3718,98,2026-07-17 13:52:40,399
3719,188,2026-08-26 10:09:40,2999
3720,81,2026-07-13 04:49:40,699
3721,862,2026-08-23 21:30:40,399
3722,832,2026-08-23 22:27:40,2499
3723,560,2026-07-22 21:14:40,699
3724,103,2026-08-04 04:51:40,899
3725,96,2026-09-06 13:49:40,2499
3726,54,2026-07-01 05:38:40,1499
3727,5,2026-06-27 18:34:40,999
3728,829,2026-07-30 16:06:40,399
3729,271,2026-07-04 22:07:40,2999
3730,254,2026-06-24 13:42:40,499
3731,665,2026-08-26 02:27:40,399
3732,646,2026-06-16 18:45:40,2499
3733,726,2026-06-30 09:19:40,1999
3734,522,2026-07-14 16:32:40,1999
3735,536,2026-07-18 22:22:40,2499
3736,795,2026-07-08 19:07:40,599
3737,61,2026-08-08 10:11:40,1999
3738,398,2026-07-08 19:50:40,799
3739,140,2026-08-04 21:58:40,1499
3740,295,2026-07-18 11:11:40,399
3741,724,2026-08-06 12:13:40,1499
3742,510,2026-06-14 06:57:40,1499
3743,196,2026-07-17 01:40:40,1499
3744,189,2026-09-04 21:39:40,1999
3745,255,2026-07-01 01:34:40,599
3746,256,2026-06-20 02:36:40,1999
3747,405,2026-07-01 09:49:40,399
3748,589,2026-06-14 23:45:40,2499
3749,114,2026-09-11 03:58:40,399
3750,350,2026-07-10 17:41:40,499
3751,742,2026-09-04 07:27:40,799
3752,333,2026-08-05 16:14:40,1199
3753,697,2026-07-19 18:14:40,599
3754,879,2026-09-03 07:45:40,899
3755,362,2026-07-09 01:26:40,1999
3756,249,2026-08-15 18:49:40,899
3757,51,2026-07-16 03:59:40,999
3758,163,2026-06-21 05:19:40,999
3759,537,2026-07-21 09:58:40,399
3760,903,2026-07-20 07:50:40,699
3761,182,2026-08-07 04:02:40,2999
3762,781,2026-08-20 06:09:40,999
3763,357,2026-07-22 23:46:40,999
3764,206,2026-09-10 12:25:40,999
3765,987,2026-08-02 11:42:40,999
3766,226,2026-08-09 07:33:40,2999
3767,241,2026-09-04 18:56:40,599
3768,972,2026-08-23 20:13:40,499
3769,113,2026-07-19 02:55:40,1199
3770,261,2026-09-10 06:49:40,1999
3771,529,2026-07-24 02:57:40,299
3772,65,2026-08-25 06:47:40,699
3773,259,2026-07-16 01:31:40,1199
3774,877,2026-08-31 22:23:40,1199
3775,944,2026-07-08 00:03:40,1199
3776,4,2026-07-03 03:52:40,2999
3777,707,2026-08-23 17:08:40,799
3778,2,2026-08-14 09:43:40,399
3779,751,2026-07-24 03:20:40,899
3780,258,2026-09-11 12:09:40,599
3781,644,2026-08-05 01:25:40,1499
3782,579,2026-08-25 14:38:40,899
3783,484,2026-09-01 10:28:40,599
3784,333,2026-06-19 13:54:40,999
3785,778,2026-07-14 20:53:40,999
3786,234,2026-08-08 20:33:40,2499
3787,79,2026-06-27 22:29:40,499
3788,237,2026-08-05 04:45:40,999
3789,423,2026-08-22 02:36:40,399
3790,698,2026-08-23 18:17:40,499
3791,227,2026-07-11 09:55:40,399
3792,38,2026-07-16 04:30:40,1499
3793,419,2026-06-29 12:13:40,1499
3794,912,2026-08-10 09:37:40,799
3795,946,2026-07-14 22:39:40,399
3796,825,2026-07-16 23:06:40,2499
3797,645,2026-07-14 05:02:40,2499
3798,284,2026-08-22 09:14:40,2999
3799,713,2026-06-14 19:24:40,599
3800,815,2026-08-05 13:38:40,399
3801,516,2026-08-27 11:31:40,1499
3802,285,2026-06-14 17:16:40,799
3803,958,2026-07-29 18:07:40,2499
3804,169,2026-06-18 02:38:40,1999
3805,586,2026-06-17 00:49:40,599
3806,177,2026-07-04 11:19:40,299
3807,751,2026-07-06 10:24:40,599
3808,203,2026-06-30 13:01:40,299
3809,678,2026-08-10 11:11:40,499
3810,33,2026-06-30 03:30:40,2499
3811,210,2026-07-31 00:20:40,2999
3812,307,2026-09-09 16:41:40,2499
3813,65,2026-07-04 18:56:40,299
3814,176,2026-07-31 05:06:40,499
3815,701,2026-08-06 06:37:40,2999
3816,162,2026-07-11 05:41:40,899
3817,112,2026-08-08 11:16:40,499
3818,273,2026-08-20 02:07:40,1999
3819,544,2026-08-28 21:53:40,999
3820,162,2026-08-29 21:14:40,1499
3821,221,2026-08-10 16:43:40,1499
3822,857,2026-08-09 11:52:40,699
3823,621,2026-07-12 03:23:40,2999
3824,856,2026-06-16 09:57:40,699
3825,385,2026-08-21 18:31:40,399
3826,896,2026-08-27 07:22:40,2499
3827,130,2026-06-20 11:19:40,2499
3828,547,2026-06-28 21:02:40,899
3829,932,2026-09-05 22:17:40,2499
3830,837,2026-07-01 05:05:40,499
3831,552,2026-07-13 07:47:40,299
3832,521,2026-08-30 21:28:40,399
3833,248,2026-08-21 20:37:40,799
3834,538,2026-08-21 05:48:40,699
3835,341,2026-08-23 08:24:40,499
3836,46,2026-08-07 19:26:40,599
3837,144,2026-07-13 02:12:40,399
3838,531,2026-07-02 23:00:40,399
3839,433,2026-09-03 20:37:40,2499
3840,779,2026-07-25 17:42:40,1999
3841,283,2026-07-27 03:34:40,2999
3842,12,2026-06-18 01:16:40,299
3843,884,2026-06-17 05:52:40,499
3844,776,2026-09-03 21:37:40,399
3845,705,2026-07-08 19:23:40,399
3846,450,2026-08-21 23:55:40,299
3847,807,2026-09-03 03:10:40,299
3848,737,2026-07-03 14:52:40,899
3849,689,2026-06-28 20:13:40,699
3850,771,2026-07-21 11:42:40,399
3851,559,2026-07-02 23:14:40,1499
3852,553,2026-08-14 13:03:40,1199
3853,933,2026-06-23 07:43:40,2999
3854,296,2026-08-17 23:22:40,299
3855,322,2026-08-01 18:34:40,1199
3856,446,2026-08-12 03:34:40,1499
3857,51,2026-06-15 00:48:40,599
3858,387,2026-07-28 23:53:40,399
3859,371,2026-08-19 12:05:40,499
3860,415,2026-08-01 21:39:40,599
3861,423,2026-07-03 12:04:40,599
3862,330,2026-08-01 00:35:40,799
3863,318,2026-07-05 21:56:40,2499
3864,43,2026-08-24 01:34:40,1999
3865,482,2026-06-20 16:45:40,599
3866,421,2026-08-30 23:07:40,999
3867,633,2026-07-29 04:21:40,1499
3868,798,2026-09-03 19:43:40,499
3869,67,2026-06-21 12:23:40,299
3870,951,2026-06-29 15:48:40,1199
3871,128,2026-08-24 20:19:40,299
3872,268,2026-09-03 02:48:40,1999
3873,182,2026-08-23 19:03:40,599
3874,529,2026-07-08 16:17:40,2999
3875,193,2026-08-20 23:36:40,899
3876,275,2026-07-15 08:15:40,399
3877,145,2026-09-11 16:11:40,1999
3878,303,2026-07-05 20:08:40,1999
3879,686,2026-09-08 02:51:40,899
3880,305,2026-07-04 03:47:40,899
3881,775,2026-06-30 15:18:40,2499
3882,866,2026-08-20 16:45:40,399
3883,318,2026-07-16 06:01:40,299
3884,842,2026-08-02 13:12:40,899
3885,161,2026-07-29 15:20:40,699
3886,888,2026-06-19 08:57:40,2999
3887,235,2026-09-08 14:53:40,1199
3888,700,2026-07-07 12:44:40,2499
3889,24,2026-09-07 06:02:40,899
3890,316,2026-08-05 12:27:40,699
3891,526,2026-08-26 20:04:40,299
3892,791,2026-07-13 02:38:40,799
3893,248,2026-08-25 02:04:40,1199
3894,183,2026-07-19 14:18:40,499
3895,477,2026-09-01 01:35:40,1999
3896,705,2026-07-27 04:50:40,1999
3897,655,2026-06-21 12:47:40,599
3898,939,2026-07-11 10:20:40,799
3899,199,2026-08-20 12:09:40,799
3900,905,2026-06-29 16:18:40,599
3901,827,2026-07-02 06:37:40,399
3902,729,2026-08-29 18:05:40,999
3903,739,2026-06-29 20:35:40,1499
3904,1000,2026-07-09 11:09:40,399
3905,647,2026-09-08 10:03:40,599
3906,138,2026-08-04 23:52:40,599
3907,41,2026-08-05 05:18:40,399
3908,980,2026-06-24 23:20:40,1199
3909,509,2026-07-25 15:38:40,999
3910,984,2026-08-17 17:21:40,1199
3911,738,2026-08-20 03:32:40,499
3912,214,2026-06-17 04:09:40,399
3913,343,2026-08-06 07:07:40,499
3914,858,2026-08-29 20:31:40,299
3915,251,2026-09-10 15:53:40,999
3916,653,2026-09-11 18:48:40,2499
3917,291,2026-08-29 07:18:40,899
3918,939,2026-06-14 23:15:40,599
3919,402,2026-07-31 23:22:40,799
3920,138,2026-06-21 05:51:40,1499
3921,73,2026-06-29 20:12:40,2999
3922,589,2026-07-20 07:06:40,699
3923,232,2026-07-13 16:05:40,999
3924,352,2026-06-17 21:40:40,2999
3925,418,2026-07-08 09:24:40,2499
3926,162,2026-07-11 23:10:40,1199
3927,152,2026-06-23 11:00:40,699
3928,344,2026-07-27 16:36:40,399
3929,262,2026-06-19 02:19:40,2499
3930,302,2026-06-30 20:06:40,899
3931,964,2026-06-19 15:12:40,299
3932,797,2026-07-27 11:03:40,899
3933,439,2026-08-09 02:34:40,1199
3934,711,2026-06-26 07:19:40,499
3935,437,2026-06-16 04:44:40,299
3936,533,2026-07-10 14:56:40,899
3937,906,2026-08-30 06:24:40,2999
3938,28,2026-08-02 08:15:40,999
3939,75,2026-07-26 02:45:40,399
3940,976,2026-07-06 09:48:40,799
3941,365,2026-06-20 17:04:40,1199
3942,188,2026-08-08 21:38:40,999
3943,642,2026-08-15 17:20:40,1199
3944,660,2026-07-02 22:45:40,1199
3945,852,2026-07-17 13:19:40,299
3946,119,2026-07-14 13:29:40,1199
3947,6,2026-08-20 18:21:40,599
3948,351,2026-07-22 11:02:40,1999
3949,935,2026-08-24 03:29:40,1199
3950,140,2026-08-05 04:45:40,599
3951,661,2026-07-31 23:18:40,399
3952,55,2026-06-28 00:55:40,999
3953,708,2026-09-10 04:10:40,299
3954,520,2026-07-31 22:09:40,2499
3955,67,2026-07-21 13:08:40,499
3956,958,2026-06-17 02:00:40,699
3957,597,2026-07-05 16:20:40,1499
3958,724,2026-08-26 23:12:40,899
3959,786,2026-09-01 22:23:40,899
3960,891,2026-09-06 13:25:40,1199
3961,658,2026-08-30 23:19:40,2499
3962,693,2026-09-08 17:37:40,1199
3963,303,2026-07-02 21:22:40,799
3964,594,2026-08-03 00:08:40,599
3965,151,2026-07-26 21:38:40,699
3966,22,2026-08-17 13:08:40,1499
3967,812,2026-07-08 09:28:40,599
3968,111,2026-07-07 10:50:40,2999
3969,145,2026-08-08 16:08:40,1199
3970,984,2026-06-21 17:11:40,2499
3971,24,2026-08-24 18:41:40,899
3972,656,2026-06-29 18:20:40,899
3973,996,2026-06-18 00:00:40,499
3974,768,2026-07-11 13:07:40,2499
3975,234,2026-08-19 22:46:40,799
3976,687,2026-09-06 23:30:40,799
3977,666,2026-07-15 19:40:40,1999
3978,919,2026-08-24 04:25:40,699
3979,848,2026-06-14 14:58:40,1999
3980,121,2026-07-03 02:08:40,1499
3981,445,2026-07-27 04:07:40,2999
3982,870,2026-07-02 16:09:40,2999
3983,368,2026-08-23 00:41:40,899
3984,677,2026-07-18 06:22:40,1199
3985,392,2026-08-26 15:54:40,899
3986,646,2026-06-23 09:32:40,1199
3987,494,2026-08-07 07:15:40,1999
3988,904,2026-07-02 10:23:40,1199
3989,322,2026-08-26 14:31:40,2999
3990,124,2026-07-16 10:21:40,699
3991,409,2026-08-22 07:47:40,1499
3992,816,2026-07-23 19:49:40,1999
3993,921,2026-06-19 04:25:40,499
3994,490,2026-07-12 03:32:40,1999
3995,873,2026-08-18 17:10:40,899
3996,930,2026-08-02 05:35:40,399
3997,854,2026-08-02 19:44:40,399
3998,84,2026-09-07 10:24:40,1499
3999,343,2026-06-17 04:36:40,899
4000,541,2026-06-21 23:13:40,699
4001,83,2026-07-22 00:10:40,399
4002,879,2026-07-25 05:01:40,899
4003,793,2026-07-07 00:05:40,599
4004,893,2026-08-27 18:13:40,899
4005,643,2026-07-02 05:18:40,799
4006,226,2026-09-03 11:49:40,299
4007,918,2026-08-16 18:00:40,1499
4008,289,2026-08-03 08:35:40,2499
4009,966,2026-08-10 08:18:40,899
4010,782,2026-08-06 00:40:40,1499
4011,141,2026-07-28 04:07:40,2999
4012,95,2026-08-16 03:12:40,999
4013,945,2026-08-02 04:42:40,1499
4014,717,2026-08-30 06:21:40,2999
4015,270,2026-06-16 16:31:40,1199
4016,691,2026-08-21 11:36:40,599
4017,204,2026-07-09 17:46:40,399
4018,960,2026-06-30 13:54:40,2499
4019,953,2026-07-05 09:54:40,899
4020,112,2026-08-12 21:31:40,399
4021,476,2026-06-15 10:26:40,499
4022,695,2026-06-27 06:10:40,499
4023,1,2026-08-01 06:46:40,2999
4024,433,2026-07-14 20:14:40,799
4025,136,2026-08-12 19:06:40,1499
4026,1000,2026-07-28 15:39:40,599
4027,224,2026-08-10 06:29:40,1999
4028,559,2026-07-21 12:48:40,1499
4029,51,2026-07-05 21:52:40,299
4030,145,2026-08-03 13:04:40,299
4031,997,2026-06-26 16:49:40,699
4032,55,2026-07-14 17:45:40,1999
4033,257,2026-06-27 16:02:40,1199
4034,111,2026-07-02 18:19:40,2999
4035,512,2026-09-07 19:42:40,499
4036,77,2026-06-15 09:12:40,399
4037,900,2026-08-15 22:06:40,499
4038,105,2026-09-02 09:48:40,1199
4039,953,2026-08-06 09:08:40,1199
4040,349,2026-08-16 03:15:40,1499
4041,449,2026-07-13 17:27:40,599
4042,896,2026-08-22 11:28:40,399
4043,869,2026-08-18 09:06:40,1999
4044,327,2026-08-05 03:53:40,599
4045,587,2026-08-11 02:33:40,999
4046,805,2026-09-11 22:06:40,2499
4047,652,2026-08-07 16:15:40,399
4048,465,2026-08-15 01:35:40,899
4049,882,2026-08-16 11:29:40,899
4050,531,2026-07-02 03:55:40,2999
4051,3,2026-08-01 20:41:40,399
4052,675,2026-07-05 08:46:40,1999
4053,358,2026-07-26 00:42:40,399
4054,403,2026-09-09 00:55:40,299
4055,796,2026-07-26 21:00:40,399
4056,704,2026-07-17 16:08:40,499
4057,751,2026-06-23 20:13:40,2999
4058,960,2026-07-06 06:08:40,499
4059,336,2026-08-25 16:01:40,2999
4060,609,2026-06-19 21:09:40,1199
4061,792,2026-09-09 11:47:40,899
4062,639,2026-08-30 20:50:40,2999
4063,560,2026-06-16 08:40:40,299
4064,872,2026-07-26 05:10:40,2499
4065,748,2026-07-14 01:25:40,1199
4066,444,2026-08-30 02:16:40,699
4067,520,2026-07-21 23:40:40,699
4068,904,2026-08-30 14:26:40,2499
4069,625,2026-08-18 21:12:40,399
4070,663,2026-06-24 12:54:40,999
4071,642,2026-08-22 20:01:40,2999
4072,770,2026-06-19 02:13:40,999
4073,94,2026-07-29 08:47:40,1199
4074,412,2026-08-10 16:02:40,599
4075,553,2026-09-06 08:33:40,1499
4076,463,2026-07-19 16:21:40,399
4077,987,2026-08-31 06:18:40,1999
4078,680,2026-08-12 19:11:40,1199
4079,505,2026-08-02 20:41:40,1499
4080,589,2026-08-08 20:03:40,2499
4081,866,2026-07-03 07:52:40,1199
4082,591,2026-07-09 19:19:40,299
4083,810,2026-09-04 20:52:40,1999
4084,537,2026-06-14 16:13:40,499
4085,699,2026-09-02 10:55:40,299
4086,713,2026-07-18 04:14:40,799
4087,774,2026-08-02 16:18:40,1499
4088,340,2026-09-09 18:08:40,299
4089,32,2026-09-08 06:42:40,699
4090,922,2026-08-22 09:21:40,2499
4091,351,2026-07-31 11:48:40,499
4092,957,2026-08-20 16:01:40,1499
4093,404,2026-07-09 07:54:40,1499
4094,302,2026-07-07 23:47:40,1999
4095,975,2026-07-02 01:06:40,2499
4096,590,2026-07-18 16:25:40,599
4097,888,2026-07-08 21:29:40,1499
4098,957,2026-06-27 13:57:40,499
4099,267,2026-06-25 01:15:40,799
4100,192,2026-08-21 14:18:40,999
4101,183,2026-07-27 15:42:40,1499
4102,176,2026-08-04 21:46:40,2499
4103,228,2026-07-27 20:10:40,2999
4104,703,2026-07-31 06:46:40,1199
4105,109,2026-08-25 01:57:40,799
4106,375,2026-06-18 00:03:40,1199
4107,270,2026-08-02 20:52:40,299
4108,625,2026-07-25 19:21:40,1999
4109,295,2026-07-17 10:32:40,599
4110,314,2026-09-02 22:39:40,1999
4111,916,2026-08-18 21:36:40,399
4112,936,2026-08-14 23:02:40,499
4113,49,2026-07-09 20:25:40,2499
4114,342,2026-08-27 10:49:40,2999
4115,39,2026-06-25 14:45:40,899
4116,315,2026-06-25 13:50:40,999
4117,111,2026-07-25 13:44:40,399
4118,222,2026-07-06 15:11:40,599
4119,838,2026-08-06 19:18:40,1199
4120,100,2026-07-14 17:00:40,799
4121,47,2026-06-16 22:49:40,499
4122,714,2026-09-04 06:50:40,2999
4123,812,2026-06-25 05:21:40,799
4124,182,2026-08-11 16:11:40,1199
4125,971,2026-06-30 02:09:40,1199
4126,485,2026-08-24 05:10:40,2499
4127,855,2026-06-30 18:32:40,699
4128,370,2026-06-30 11:26:40,1199
4129,540,2026-08-24 14:57:40,499
4130,912,2026-07-01 14:07:40,2999
4131,935,2026-08-07 16:35:40,799
4132,885,2026-08-27 19:58:40,2999
4133,773,2026-08-10 21:00:40,699
4134,306,2026-07-05 08:03:40,2499
4135,346,2026-08-18 14:19:40,1999
4136,287,2026-08-22 23:53:40,2499
4137,603,2026-08-07 15:22:40,799
4138,807,2026-08-31 12:43:40,1199
4139,132,2026-07-22 23:30:40,399
4140,991,2026-06-25 01:59:40,799
4141,27,2026-07-01 04:28:40,299
4142,44,2026-07-03 12:55:40,1999
4143,236,2026-08-29 00:28:40,599
4144,75,2026-07-14 08:13:40,399
4145,819,2026-07-25 13:36:40,599
4146,6,2026-07-25 14:02:40,299
4147,535,2026-07-11 00:12:40,899
4148,569,2026-07-08 00:38:40,699
4149,311,2026-07-20 20:05:40,1499
4150,393,2026-08-02 22:11:40,2499
4151,503,2026-07-02 19:26:40,2499
4152,960,2026-07-12 17:00:40,1999
4153,808,2026-08-10 02:50:40,1999
4154,424,2026-07-04 02:32:40,499
4155,376,2026-08-19 03:17:40,499
4156,942,2026-07-31 12:45:40,399
4157,539,2026-07-11 09:17:40,1199
4158,828,2026-06-28 02:40:40,599
4159,857,2026-06-22 07:44:40,1499
4160,147,2026-09-04 04:12:40,699
4161,640,2026-06-25 04:56:40,2499
4162,9,2026-06-25 19:47:40,899
4163,269,2026-08-15 08:45:40,2499
4164,567,2026-08-12 14:33:40,1199
4165,170,2026-08-13 16:05:40,2499
4166,90,2026-09-07 17:43:40,2999
4167,186,2026-07-28 19:01:40,799
4168,267,2026-07-30 21:12:40,699
4169,496,2026-07-01 15:41:40,1499
4170,965,2026-06-18 13:41:40,1499
4171,93,2026-08-19 01:19:40,999
4172,392,2026-09-06 20:47:40,2499
4173,105,2026-08-03 05:07:40,499
4174,736,2026-08-09 07:13:40,999
4175,180,2026-06-22 18:15:40,599
4176,204,2026-08-10 02:18:40,599
4177,949,2026-08-26 00:09:40,499
4178,980,2026-06-17 13:43:40,499
4179,159,2026-08-26 22:30:40,1499
4180,220,2026-08-05 08:38:40,2499
4181,438,2026-07-26 01:26:40,1499
4182,78,2026-09-03 12:47:40,1199
4183,564,2026-07-02 11:29:40,499
4184,333,2026-09-05 15:16:40,599
4185,809,2026-08-26 20:45:40,799
4186,570,2026-07-23 11:58:40,399
4187,501,2026-09-04 18:19:40,2499
4188,904,2026-08-16 10:42:40,2999
4189,403,2026-07-21 10:33:40,1499
4190,341,2026-07-17 12:08:40,2999
4191,976,2026-08-16 23:17:40,2499
4192,120,2026-07-07 18:10:40,1499
4193,450,2026-06-14 09:08:40,499
4194,451,2026-06-22 08:35:40,799
4195,253,2026-09-07 23:01:40,2999
4196,540,2026-08-17 02:39:40,599
4197,503,2026-07-25 08:09:40,1199
4198,969,2026-08-19 10:40:40,499
4199,29,2026-09-08 06:40:40,2999
4200,374,2026-08-04 03:22:40,2499
4201,884,2026-06-20 20:44:40,499
4202,39,2026-06-19 12:20:40,1199
4203,501,2026-08-31 01:28:40,999
4204,532,2026-08-17 20:27:40,1499
4205,449,2026-07-29 00:45:40,2499
4206,758,2026-08-01 01:04:40,799
4207,190,2026-07-15 00:06:40,899
4208,947,2026-06-21 04:44:40,299
4209,285,2026-07-22 11:31:40,899
4210,661,2026-06-24 22:26:40,2999
4211,588,2026-07-25 07:01:40,399
4212,356,2026-07-04 10:27:40,2499
4213,585,2026-06-25 04:21:40,499
4214,659,2026-08-26 09:21:40,2499
4215,965,2026-08-29 02:54:40,1999
4216,25,2026-06-25 12:44:40,999
4217,284,2026-09-06 03:04:40,599
4218,59,2026-08-31 10:30:40,299
4219,591,2026-08-06 18:37:40,599
4220,704,2026-08-28 18:37:40,1499
4221,991,2026-06-28 07:57:40,299
4222,649,2026-07-04 02:41:40,399
4223,213,2026-07-04 07:27:40,1999
4224,947,2026-09-11 17:58:40,999
4225,771,2026-09-06 07:35:40,399
4226,621,2026-09-08 05:39:40,399
4227,392,2026-08-04 06:40:40,499
4228,43,2026-06-29 23:18:40,299
4229,458,2026-07-02 02:53:40,1999
4230,761,2026-08-20 18:31:40,599
4231,203,2026-09-02 03:18:40,599
4232,38,2026-07-21 21:44:40,899
4233,390,2026-07-27 10:06:40,299
4234,677,2026-07-06 18:13:40,1999
4235,831,2026-07-22 19:38:40,499
4236,783,2026-07-20 08:38:40,399
4237,292,2026-06-16 21:15:40,899
4238,641,2026-08-20 08:31:40,799
4239,881,2026-06-15 22:14:40,799
4240,138,2026-07-03 22:50:40,899
4241,132,2026-06-16 21:44:40,2499
4242,868,2026-07-30 15:18:40,899
4243,860,2026-06-23 03:19:40,1999
4244,2,2026-07-12 02:14:40,1499
4245,611,2026-07-28 08:21:40,2499
4246,598,2026-08-16 04:21:40,399
4247,235,2026-08-11 06:41:40,699
4248,196,2026-08-07 15:07:40,799
4249,553,2026-07-30 15:51:40,2999
4250,947,2026-06-30 10:26:40,299
4251,266,2026-06-24 03:21:40,499
4252,27,2026-07-02 19:31:40,299
4253,433,2026-06-29 15:11:40,499
4254,491,2026-07-13 21:03:40,699
4255,62,2026-07-05 23:11:40,299
4256,454,2026-06-24 16:59:40,1499
4257,23,2026-08-05 10:40:40,499
4258,881,2026-07-20 20:13:40,399
4259,351,2026-07-24 12:27:40,499
4260,848,2026-09-10 00:13:40,299
4261,228,2026-09-12 02:27:40,699
4262,34,2026-07-15 04:39:40,299
4263,631,2026-07-30 16:03:40,1499
4264,937,2026-09-03 17:55:40,899
4265,915,2026-07-23 22:36:40,799
4266,454,2026-08-29 01:21:40,799
4267,381,2026-07-20 17:25:40,499
4268,969,2026-07-15 12:02:40,399
4269,141,2026-07-16 17:59:40,299
4270,114,2026-06-19 20:35:40,2999
4271,122,2026-08-18 06:34:40,599
4272,28,2026-08-05 20:46:40,399
4273,461,2026-08-04 12:20:40,399
4274,501,2026-07-04 17:05:40,299
4275,558,2026-06-15 19:38:40,2999
4276,745,2026-09-07 15:00:40,399
4277,152,2026-08-28 04:27:40,2499
4278,111,2026-07-28 01:35:40,999
4279,87,2026-07-09 19:34:40,899
4280,464,2026-06-27 10:35:40,999
4281,730,2026-07-13 13:37:40,299
4282,833,2026-07-20 15:05:40,699
4283,504,2026-07-22 10:23:40,899
4284,180,2026-06-29 01:44:40,299
4285,18,2026-08-25 16:43:40,799
4286,545,2026-08-21 00:54:40,999
4287,437,2026-08-07 22:48:40,999
4288,31,2026-07-10 07:07:40,299
4289,342,2026-07-10 01:23:40,2999
4290,206,2026-08-30 15:42:40,2999
4291,942,2026-08-09 12:25:40,899
4292,911,2026-08-03 17:24:40,499
4293,81,2026-07-29 21:36:40,1199
4294,247,2026-07-02 02:26:40,999
4295,20,2026-06-18 04:49:40,899
4296,425,2026-08-07 06:51:40,799
4297,642,2026-08-28 04:20:40,399
4298,815,2026-06-28 05:00:40,1499
4299,498,2026-09-07 17:39:40,699
4300,39,2026-06-17 03:13:40,699
4301,600,2026-07-14 21:21:40,1199
4302,70,2026-08-26 02:26:40,2499
4303,647,2026-09-11 12:08:40,299
4304,323,2026-07-16 01:17:40,399
4305,325,2026-07-06 04:48:40,1499
4306,624,2026-08-17 05:23:40,1499
4307,305,2026-09-04 23:24:40,999
4308,952,2026-08-03 23:05:40,999
4309,655,2026-07-12 23:36:40,599
4310,475,2026-08-28 18:15:40,399
4311,834,2026-08-06 16:10:40,1199
4312,768,2026-07-21 06:58:40,899
4313,979,2026-06-26 07:45:40,999
4314,294,2026-06-20 19:02:40,1499
4315,273,2026-07-15 11:25:40,499
4316,781,2026-07-25 16:43:40,599
4317,755,2026-09-10 20:14:40,1499
4318,610,2026-07-21 22:08:40,399
4319,626,2026-08-10 03:36:40,2499
4320,843,2026-07-17 09:28:40,899
4321,869,2026-09-06 07:33:40,599
4322,479,2026-06-20 20:01:40,1199
4323,865,2026-07-05 06:37:40,899
4324,57,2026-07-05 01:14:40,1999
4325,29,2026-09-03 01:12:40,699
4326,98,2026-08-22 05:47:40,799
4327,701,2026-09-11 23:08:40,1199
4328,610,2026-08-17 22:00:40,499
4329,919,2026-06-28 06:00:40,299
4330,749,2026-08-21 20:12:40,1499
4331,988,2026-07-22 01:04:40,299
4332,835,2026-06-23 21:31:40,899
4333,916,2026-07-17 13:06:40,499
4334,165,2026-06-29 18:28:40,799
4335,535,2026-08-19 03:31:40,599
4336,585,2026-08-09 19:55:40,999
4337,955,2026-06-15 20:43:40,299
4338,832,2026-06-17 12:06:40,299
4339,429,2026-08-13 14:02:40,1999
4340,96,2026-07-07 09:56:40,1499
4341,88,2026-07-22 22:57:40,399
4342,783,2026-09-05 00:37:40,499
4343,524,2026-08-17 01:24:40,1499
4344,277,2026-07-05 23:14:40,899
4345,574,2026-08-17 08:01:40,2499
4346,771,2026-08-03 22:14:40,999
4347,681,2026-09-03 04:49:40,299
4348,603,2026-07-29 11:17:40,399
4349,265,2026-06-25 21:59:40,399
4350,364,2026-08-07 05:03:40,1199
4351,658,2026-07-15 09:03:40,699
4352,691,2026-09-10 21:07:40,599
4353,342,2026-08-01 14:38:40,2999
4354,954,2026-08-11 22:23:40,2999
4355,675,2026-09-07 23:57:40,499
4356,300,2026-09-03 05:28:40,1499
4357,949,2026-08-07 02:12:40,699
4358,856,2026-08-31 15:56:40,1199
4359,255,2026-07-17 22:59:40,299
4360,273,2026-08-10 19:51:40,499
4361,67,2026-08-09 03:41:40,1199
4362,347,2026-06-27 15:41:40,499
4363,956,2026-07-29 22:20:40,599
4364,846,2026-09-02 16:49:40,1199
4365,560,2026-06-30 04:04:40,1499
4366,984,2026-07-12 12:06:40,899
4367,546,2026-09-11 19:46:40,1499
4368,43,2026-08-08 07:48:40,899
4369,492,2026-07-03 20:00:40,1499
4370,590,2026-06-22 16:33:40,1499
4371,854,2026-06-22 05:51:40,399
4372,220,2026-06-28 22:29:40,2999
4373,743,2026-07-15 15:14:40,2999
4374,615,2026-09-03 09:24:40,599
4375,732,2026-08-05 06:46:40,599
4376,487,2026-08-05 03:53:40,499
4377,255,2026-06-19 11:52:40,1199
4378,524,2026-06-26 15:53:40,2999
4379,850,2026-09-11 04:30:40,499
4380,369,2026-07-19 13:03:40,499
4381,269,2026-06-29 22:38:40,899
4382,326,2026-09-05 05:27:40,599
4383,714,2026-07-21 11:33:40,2999
4384,581,2026-08-06 16:26:40,399
4385,482,2026-08-15 02:36:40,2999
4386,529,2026-07-01 01:48:40,1499
4387,552,2026-08-26 21:12:40,299
4388,560,2026-08-23 02:32:40,899
4389,473,2026-08-23 07:38:40,699
4390,82,2026-08-09 11:58:40,1199
4391,869,2026-06-27 11:25:40,799
4392,638,2026-07-07 16:12:40,899
4393,970,2026-07-17 20:59:40,1499
4394,680,2026-08-21 23:23:40,599
4395,716,2026-08-27 16:16:40,1499
4396,563,2026-08-09 13:31:40,1199
4397,391,2026-08-25 13:16:40,399
4398,336,2026-07-27 21:48:40,799
4399,823,2026-09-06 04:39:40,399
4400,629,2026-07-02 03:10:40,1999
4401,185,2026-06-22 01:21:40,999
4402,370,2026-07-16 02:31:40,899
4403,911,2026-09-10 04:54:40,399
4404,73,2026-08-13 05:59:40,1999
4405,746,2026-06-21 11:25:40,1499
4406,551,2026-08-24 15:45:40,899
4407,322,2026-07-15 17:17:40,1999
4408,129,2026-06-26 20:09:40,699
4409,336,2026-07-31 22:35:40,899
4410,498,2026-06-14 04:33:40,1499
4411,672,2026-09-05 21:51:40,2999
4412,140,2026-07-22 20:09:40,699
4413,184,2026-06-20 13:30:40,899
4414,385,2026-09-09 12:22:40,2499
4415,883,2026-08-24 22:59:40,899
4416,510,2026-08-05 04:52:40,2999
4417,447,2026-07-17 08:32:40,2999
4418,954,2026-07-23 13:59:40,799
4419,502,2026-08-09 14:06:40,299
4420,585,2026-08-10 13:21:40,799
4421,988,2026-07-12 10:22:40,1199
4422,825,2026-08-30 03:59:40,499
4423,249,2026-07-31 12:23:40,899
4424,897,2026-08-01 08:26:40,1999
4425,189,2026-08-06 14:16:40,699
4426,56,2026-06-27 16:12:40,799
4427,619,2026-08-30 14:46:40,299
4428,10,2026-09-11 00:59:40,499
4429,877,2026-07-07 06:43:40,499
4430,302,2026-07-07 17:59:40,999
4431,711,2026-09-06 18:51:40,899
4432,138,2026-07-24 22:36:40,899
4433,29,2026-06-27 05:43:40,699
4434,727,2026-06-26 05:55:40,1199
4435,835,2026-07-16 21:23:40,1199
4436,655,2026-08-02 04:32:40,2999
4437,927,2026-08-21 03:38:40,999
4438,603,2026-08-19 16:02:40,2499
4439,507,2026-08-24 07:44:40,399
4440,178,2026-08-26 23:28:40,799
4441,455,2026-06-15 12:00:40,499
4442,736,2026-08-05 12:26:40,499
4443,654,2026-08-07 05:41:40,2499
4444,114,2026-07-05 04:45:40,1199
4445,258,2026-07-14 03:20:40,999
4446,351,2026-07-13 16:54:40,2499
4447,603,2026-08-02 20:35:40,999
4448,568,2026-07-28 23:42:40,799
4449,272,2026-08-18 08:51:40,499
4450,127,2026-09-07 21:16:40,2999
4451,239,2026-08-17 14:28:40,699
4452,371,2026-07-18 04:34:40,1999
4453,968,2026-08-07 11:51:40,1999
4454,377,2026-07-21 00:01:40,799
4455,758,2026-07-02 10:26:40,399
4456,115,2026-07-01 09:41:40,2499
4457,459,2026-07-20 21:11:40,2999
4458,755,2026-08-16 01:11:40,2499
4459,836,2026-06-24 18:00:40,2999
4460,408,2026-07-10 11:14:40,699
4461,661,2026-09-05 01:19:40,499
4462,502,2026-07-05 03:44:40,1199
4463,552,2026-08-02 00:42:40,399
4464,920,2026-08-13 15:17:40,299
4465,671,2026-08-22 05:23:40,399
4466,622,2026-08-02 11:24:40,299
4467,262,2026-07-27 02:12:40,599
4468,34,2026-08-02 23:22:40,599
4469,333,2026-08-22 20:25:40,499
4470,274,2026-09-01 10:53:40,599
4471,903,2026-07-23 03:34:40,2499
4472,807,2026-09-04 02:38:40,1199
4473,71,2026-08-03 18:02:40,1199
4474,294,2026-08-18 06:25:40,899
4475,354,2026-07-06 11:48:40,699
4476,939,2026-09-07 14:48:40,699
4477,438,2026-06-20 20:45:40,1199
4478,901,2026-07-31 01:36:40,999
4479,618,2026-09-01 10:00:40,2499
4480,804,2026-08-23 06:32:40,1999
4481,703,2026-09-06 03:14:40,799
4482,247,2026-09-04 22:39:40,499
4483,550,2026-08-11 20:04:40,1999
4484,262,2026-08-22 02:56:40,2999
4485,638,2026-08-25 21:59:40,1499
4486,541,2026-08-18 08:28:40,2999
4487,708,2026-08-29 04:51:40,799
4488,493,2026-08-28 01:40:40,999
4489,108,2026-07-19 18:15:40,499
4490,260,2026-08-01 10:34:40,2999
4491,92,2026-08-29 21:19:40,899
4492,728,2026-07-16 08:49:40,499
4493,927,2026-07-10 21:13:40,599
4494,607,2026-08-10 09:05:40,599
4495,244,2026-08-25 06:41:40,399
4496,662,2026-09-06 21:03:40,299
4497,402,2026-07-04 21:45:40,499
4498,530,2026-08-18 05:17:40,1499
4499,571,2026-07-11 08:41:40,399
4500,46,2026-06-28 03:43:40,599
4501,180,2026-06-14 03:36:40,2499
4502,535,2026-08-02 17:59:40,899
4503,118,2026-06-19 04:04:40,1999
4504,612,2026-09-07 21:30:40,2999
4505,693,2026-08-15 01:56:40,399
4506,12,2026-08-23 06:24:40,699
4507,194,2026-07-31 16:22:40,399
4508,296,2026-06-22 02:47:40,1199
4509,297,2026-07-24 23:47:40,1999
4510,967,2026-06-24 22:04:40,2999
4511,49,2026-08-14 11:58:40,2999
4512,770,2026-08-23 23:40:40,599
4513,323,2026-07-23 17:27:40,1499
4514,324,2026-09-08 06:34:40,299
4515,204,2026-06-16 18:25:40,2999
4516,414,2026-07-07 03:55:40,699
4517,967,2026-07-27 03:09:40,899
4518,449,2026-06-23 13:33:40,2499
4519,48,2026-08-08 17:29:40,1999
4520,400,2026-08-07 11:37:40,399
4521,14,2026-09-04 16:30:40,799
4522,307,2026-06-26 01:37:40,2499
4523,861,2026-07-12 12:32:40,2999
4524,458,2026-08-22 13:38:40,899
4525,629,2026-08-28 12:21:40,1499
4526,481,2026-06-19 20:11:40,299
4527,377,2026-08-24 09:59:40,899
4528,562,2026-07-09 13:07:40,499
4529,387,2026-08-22 03:08:40,1499
4530,637,2026-08-04 08:56:40,1499
4531,471,2026-06-15 19:46:40,1199
4532,444,2026-08-24 21:05:40,1999
4533,580,2026-06-29 19:05:40,1999
4534,677,2026-09-04 19:22:40,1499
4535,75,2026-07-30 03:55:40,2999
4536,606,2026-08-07 08:55:40,999
4537,865,2026-06-23 22:01:40,899
4538,24,2026-09-10 22:47:40,499
4539,23,2026-06-25 07:59:40,2499
4540,783,2026-07-29 18:26:40,1999
4541,535,2026-08-26 21:25:40,499
4542,390,2026-06-15 12:37:40,1199
4543,876,2026-06-14 21:55:40,499
4544,964,2026-06-23 17:55:40,799
4545,523,2026-07-24 07:01:40,999
4546,468,2026-07-22 01:37:40,1999
4547,766,2026-07-01 18:50:40,899
4548,617,2026-07-07 05:38:40,1199
4549,690,2026-09-04 20:41:40,699
4550,95,2026-08-31 02:09:40,899
4551,963,2026-07-01 16:49:40,499
4552,167,2026-07-02 23:02:40,799
4553,525,2026-08-28 06:00:40,299
4554,831,2026-07-18 03:18:40,799
4555,273,2026-06-30 07:24:40,1199
4556,355,2026-09-09 12:55:40,999
4557,854,2026-06-19 13:59:40,2999
4558,518,2026-06-30 04:26:40,1499
4559,145,2026-06-30 15:03:40,299
4560,728,2026-08-26 04:18:40,299
4561,65,2026-09-02 15:46:40,2499
4562,921,2026-07-27 16:49:40,299
4563,471,2026-07-05 10:24:40,499
4564,286,2026-08-13 09:04:40,499
4565,942,2026-08-24 22:52:40,2499
4566,907,2026-07-19 03:35:40,399
4567,498,2026-08-20 00:30:40,1199
4568,188,2026-07-05 01:48:40,2499
4569,464,2026-07-14 05:40:40,899
4570,75,2026-08-02 21:31:40,2999
4571,791,2026-07-31 04:02:40,399
4572,61,2026-07-28 21:13:40,2499
4573,772,2026-06-21 05:39:40,1499
4574,381,2026-06-14 22:43:40,999
4575,908,2026-06-28 00:37:40,799
4576,191,2026-08-07 06:19:40,299
4577,762,2026-07-30 11:24:40,2999
4578,452,2026-06-20 21:40:40,599
4579,45,2026-06-18 17:36:40,2999
4580,441,2026-08-28 14:15:40,299
4581,5,2026-08-14 12:29:40,2499
4582,850,2026-09-05 06:28:40,1199
4583,588,2026-07-23 21:17:40,799
4584,716,2026-07-21 11:23:40,1999
4585,145,2026-08-25 20:01:40,899
4586,608,2026-08-24 21:45:40,899
4587,353,2026-06-30 22:48:40,699
4588,980,2026-08-13 06:58:40,2499
4589,91,2026-09-02 03:04:40,499
4590,486,2026-07-09 13:23:40,1199
4591,85,2026-07-12 03:21:40,399
4592,37,2026-07-17 13:34:40,499
4593,361,2026-08-25 01:11:40,899
4594,228,2026-09-09 08:36:40,999
4595,914,2026-07-21 10:28:40,2999
4596,810,2026-07-30 17:48:40,1199
4597,783,2026-07-14 14:27:40,499
4598,431,2026-08-20 04:57:40,699
4599,559,2026-08-08 05:19:40,899
4600,459,2026-07-08 22:07:40,599
4601,735,2026-07-16 13:31:40,1199
4602,516,2026-07-08 20:51:40,499
4603,326,2026-07-13 16:30:40,2999
4604,930,2026-09-02 12:57:40,499
4605,554,2026-06-20 13:53:40,299
4606,457,2026-08-09 12:17:40,299
4607,403,2026-07-30 18:11:40,799
4608,361,2026-06-24 14:57:40,499
4609,211,2026-08-25 09:18:40,299
4610,609,2026-06-18 21:31:40,799
4611,924,2026-07-25 06:34:40,999
4612,645,2026-09-11 13:18:40,299
4613,683,2026-08-29 07:28:40,599
4614,103,2026-06-24 07:01:40,2999
4615,520,2026-08-02 07:10:40,1999
4616,20,2026-07-02 14:23:40,699
4617,722,2026-08-10 00:56:40,299
4618,704,2026-09-11 08:42:40,1999
4619,25,2026-08-05 02:11:40,799
4620,942,2026-07-13 14:24:40,699
4621,716,2026-06-25 00:43:40,299
4622,915,2026-06-25 00:40:40,499
4623,449,2026-07-24 21:54:40,299
4624,11,2026-07-04 17:20:40,2999
4625,717,2026-06-20 05:52:40,399
4626,346,2026-07-12 03:31:40,499
4627,929,2026-07-29 00:15:40,1999
4628,603,2026-07-17 18:12:40,1499
4629,348,2026-06-18 17:50:40,299
4630,979,2026-08-16 07:20:40,999
4631,722,2026-07-08 08:01:40,1499
4632,564,2026-06-20 15:17:40,2499
4633,605,2026-09-08 15:13:40,299
4634,936,2026-07-14 01:20:40,399
4635,50,2026-06-15 15:50:40,1999
4636,637,2026-07-11 13:21:40,2499
4637,13,2026-07-11 02:29:40,1499
4638,122,2026-06-14 11:54:40,499
4639,961,2026-06-18 09:59:40,299
4640,519,2026-09-01 02:20:40,699
4641,66,2026-06-23 20:51:40,1999
4642,629,2026-06-26 11:13:40,799
4643,902,2026-08-31 23:29:40,499
4644,983,2026-08-22 14:54:40,2999
4645,769,2026-07-15 15:15:40,1499
4646,349,2026-07-02 04:55:40,899
4647,73,2026-06-18 04:58:40,999
4648,584,2026-08-26 04:13:40,299
4649,408,2026-08-26 17:30:40,1199
4650,61,2026-06-23 20:56:40,2499
4651,450,2026-08-14 11:34:40,2999
4652,713,2026-07-14 19:04:40,699
4653,712,2026-09-09 08:17:40,599
4654,679,2026-07-08 22:26:40,699
4655,315,2026-08-28 01:55:40,599
4656,22,2026-06-14 16:03:40,999
4657,387,2026-07-04 13:52:40,299
4658,224,2026-07-04 23:54:40,299
4659,75,2026-08-16 09:56:40,799
4660,262,2026-06-30 15:43:40,699
4661,109,2026-08-11 20:48:40,499
4662,597,2026-06-21 23:43:40,1999
4663,970,2026-08-27 02:21:40,499
4664,225,2026-07-12 12:53:40,399
4665,72,2026-06-16 03:22:40,299
4666,586,2026-06-20 00:29:40,899
4667,860,2026-09-08 04:54:40,599
4668,6,2026-09-03 21:07:40,899
4669,523,2026-07-16 10:32:40,499
4670,908,2026-06-28 05:56:40,899
4671,455,2026-07-12 08:11:40,299
4672,289,2026-09-08 14:31:40,999
4673,343,2026-08-25 21:22:40,1199
4674,462,2026-07-25 22:27:40,499
4675,90,2026-07-05 22:19:40,1499
4676,790,2026-08-07 12:42:40,899
4677,48,2026-07-13 10:58:40,1999
4678,824,2026-07-06 04:28:40,2499
4679,145,2026-08-11 14:54:40,1199
4680,192,2026-06-23 12:01:40,999
4681,912,2026-06-18 02:10:40,499
4682,2,2026-08-09 06:37:40,2999
4683,353,2026-07-04 11:17:40,2999
4684,564,2026-06-14 08:44:40,899
4685,718,2026-07-05 07:13:40,2999
4686,623,2026-09-06 08:36:40,799
4687,929,2026-08-20 07:05:40,1499
4688,932,2026-08-16 02:32:40,1999
4689,375,2026-08-25 06:59:40,399
4690,792,2026-06-28 19:59:40,599
4691,549,2026-07-31 14:07:40,1199
4692,84,2026-08-28 14:08:40,2499
4693,475,2026-09-10 18:42:40,2499
4694,708,2026-06-26 16:07:40,1199
4695,46,2026-06-20 14:30:40,599
4696,491,2026-08-22 02:10:40,599
4697,69,2026-08-23 16:10:40,499
4698,521,2026-08-27 19:29:40,499
4699,823,2026-08-18 11:53:40,699
4700,888,2026-06-21 00:38:40,1199
4701,142,2026-07-06 03:20:40,999
4702,167,2026-06-14 04:43:40,1199
4703,219,2026-08-31 13:06:40,499
4704,641,2026-07-13 08:14:40,499
4705,61,2026-07-16 05:49:40,699
4706,499,2026-07-19 23:45:40,2499
4707,135,2026-08-21 02:39:40,399
4708,432,2026-07-30 22:10:40,2499
4709,201,2026-09-11 04:15:40,499
4710,754,2026-09-03 02:32:40,499
4711,37,2026-09-03 09:35:40,699
4712,960,2026-09-11 07:46:40,499
4713,134,2026-08-09 18:54:40,499
4714,713,2026-06-27 10:55:40,2499
4715,199,2026-06-19 08:04:40,399
4716,428,2026-07-26 04:58:40,699
4717,406,2026-07-09 04:15:40,299
4718,353,2026-08-29 11:31:40,999
4719,468,2026-08-11 14:57:40,1499
4720,99,2026-08-31 20:46:40,499
4721,787,2026-06-24 00:33:40,1999
4722,166,2026-08-29 05:58:40,1999
4723,905,2026-09-10 02:36:40,999
4724,306,2026-08-01 22:34:40,499
4725,597,2026-08-20 09:39:40,2999
4726,30,2026-07-17 11:25:40,2499
4727,555,2026-07-19 06:11:40,899
4728,402,2026-07-04 08:08:40,399
4729,821,2026-07-09 06:58:40,999
4730,15,2026-08-17 04:55:40,899
4731,571,2026-07-31 17:25:40,899
4732,472,2026-06-19 15:46:40,2499
4733,404,2026-07-03 06:08:40,1199
4734,824,2026-08-03 14:55:40,299
4735,311,2026-08-27 13:21:40,2999
4736,803,2026-07-16 13:13:40,299
4737,452,2026-08-08 15:44:40,1999
4738,314,2026-08-30 10:17:40,599
4739,582,2026-08-06 14:32:40,699
4740,663,2026-08-30 15:42:40,999
4741,195,2026-06-30 08:56:40,499
4742,445,2026-06-29 05:50:40,499
4743,262,2026-07-11 17:14:40,499
4744,942,2026-07-28 00:07:40,2499
4745,329,2026-07-19 00:41:40,399
4746,696,2026-08-18 20:12:40,299
4747,547,2026-08-16 23:15:40,1499
4748,101,2026-09-01 16:41:40,1999
4749,246,2026-07-24 01:37:40,1999
4750,616,2026-08-27 00:56:40,699
4751,226,2026-07-09 20:53:40,2999
4752,246,2026-07-02 02:50:40,999
4753,998,2026-07-07 15:14:40,299
4754,374,2026-08-21 10:46:40,599
4755,267,2026-07-09 05:23:40,2499
4756,247,2026-06-23 06:17:40,799
4757,869,2026-09-07 20:03:40,899
4758,29,2026-08-01 02:49:40,799
4759,885,2026-08-13 02:56:40,2499
4760,578,2026-09-08 12:03:40,799
4761,816,2026-08-11 16:09:40,2499
4762,917,2026-07-19 03:21:40,1999
4763,344,2026-07-09 14:47:40,899
4764,380,2026-08-25 19:26:40,699
4765,403,2026-08-03 03:10:40,2999
4766,515,2026-08-01 05:59:40,599
4767,928,2026-07-19 07:37:40,499
4768,352,2026-07-20 14:33:40,1199
4769,715,2026-06-15 21:53:40,1499
4770,940,2026-07-23 19:37:40,799
4771,190,2026-08-04 22:41:40,799
4772,806,2026-07-31 21:56:40,899
4773,310,2026-08-10 08:39:40,599
4774,14,2026-08-11 11:40:40,599
4775,377,2026-08-28 06:49:40,499
4776,395,2026-06-29 12:35:40,1999
4777,977,2026-07-18 00:06:40,1499
4778,201,2026-07-15 08:58:40,399
4779,309,2026-07-24 12:45:40,2499
4780,830,2026-06-21 18:08:40,899
4781,226,2026-09-06 17:46:40,399
4782,985,2026-09-09 03:33:40,1199
4783,662,2026-09-10 02:39:40,999
4784,963,2026-08-20 15:30:40,499
4785,146,2026-06-29 05:55:40,2499
4786,563,2026-08-10 06:30:40,1199
4787,288,2026-07-24 08:45:40,799
4788,836,2026-09-06 12:19:40,499
4789,444,2026-08-17 17:48:40,699
4790,865,2026-09-10 00:28:40,1999
4791,511,2026-06-20 07:03:40,599
4792,659,2026-07-05 00:31:40,1999
4793,26,2026-09-10 19:58:40,2999
4794,350,2026-07-02 11:29:40,999
4795,474,2026-08-10 08:08:40,899
4796,410,2026-09-09 13:58:40,599
4797,200,2026-08-12 03:39:40,699
4798,933,2026-06-22 00:24:40,299
4799,948,2026-09-03 01:54:40,499
4800,834,2026-08-09 20:36:40,299
4801,950,2026-07-31 14:13:40,1199
4802,675,2026-06-19 04:33:40,499
4803,496,2026-09-09 09:18:40,499
4804,68,2026-07-23 08:52:40,999
4805,679,2026-07-08 06:59:40,299
4806,619,2026-07-22 11:08:40,2499
4807,811,2026-06-29 10:20:40,899
4808,542,2026-09-03 01:37:40,999
4809,169,2026-06-18 09:39:40,599
4810,388,2026-09-01 14:54:40,2499
4811,158,2026-08-19 15:43:40,2499
4812,28,2026-08-29 23:43:40,1499
4813,744,2026-09-02 19:22:40,599
4814,353,2026-07-01 02:55:40,1499
4815,361,2026-09-07 00:45:40,599
4816,152,2026-07-05 08:12:40,2499
4817,790,2026-08-09 11:16:40,1499
4818,195,2026-08-19 23:10:40,499
4819,2,2026-07-20 15:26:40,999
4820,708,2026-09-10 11:22:40,799
4821,231,2026-06-30 10:59:40,899
4822,90,2026-08-17 14:34:40,999
4823,407,2026-06-25 05:07:40,999
4824,47,2026-08-18 08:56:40,1499
4825,510,2026-06-29 20:23:40,499
4826,850,2026-07-09 15:34:40,399
4827,15,2026-08-15 06:41:40,899
4828,103,2026-07-30 00:26:40,1199
4829,228,2026-08-25 01:07:40,1999
4830,985,2026-07-08 01:37:40,999
4831,683,2026-09-02 17:31:40,2499
4832,781,2026-07-17 21:27:40,699
4833,799,2026-08-04 18:44:40,799
4834,454,2026-07-17 07:41:40,599
4835,994,2026-07-12 01:41:40,499
4836,976,2026-07-05 02:04:40,299
4837,650,2026-06-27 22:50:40,699
4838,158,2026-07-28 21:14:40,2499
4839,580,2026-07-04 02:24:40,1999
4840,702,2026-09-02 08:43:40,2499
4841,982,2026-07-29 15:35:40,899
4842,188,2026-09-01 13:45:40,799
4843,672,2026-06-20 15:47:40,1999
4844,810,2026-08-14 10:36:40,1999
4845,118,2026-08-21 04:49:40,899
4846,701,2026-08-15 11:38:40,599
4847,7,2026-08-16 00:52:40,599
4848,878,2026-08-24 13:21:40,399
4849,669,2026-08-24 13:41:40,299
4850,910,2026-09-06 05:46:40,2999
4851,395,2026-07-06 16:14:40,299
4852,521,2026-07-21 00:57:40,599
4853,585,2026-08-14 00:55:40,899
4854,65,2026-07-25 02:49:40,2999
4855,488,2026-06-19 14:52:40,699
4856,583,2026-06-23 09:31:40,1999
4857,676,2026-06-22 14:37:40,899
4858,738,2026-07-18 05:36:40,1499
4859,785,2026-09-08 13:53:40,899
4860,279,2026-06-16 22:31:40,1999
4861,94,2026-08-27 02:56:40,1499
4862,217,2026-08-28 14:00:40,1199
4863,509,2026-07-29 08:35:40,999
4864,823,2026-06-14 07:33:40,699
4865,173,2026-08-08 09:14:40,299
4866,73,2026-09-02 00:03:40,399
4867,140,2026-09-06 05:41:40,699
4868,76,2026-07-09 21:47:40,2999
4869,734,2026-08-08 22:57:40,999
4870,545,2026-08-26 00:01:40,899
4871,38,2026-08-25 20:02:40,599
4872,76,2026-07-05 17:03:40,999
4873,237,2026-06-24 23:21:40,499
4874,136,2026-08-09 23:56:40,1999
4875,783,2026-06-17 17:53:40,2499
4876,591,2026-08-20 21:11:40,999
4877,665,2026-08-22 16:54:40,599
4878,861,2026-09-03 10:12:40,1999
4879,586,2026-09-12 01:51:40,599
4880,119,2026-08-30 06:12:40,2999
4881,392,2026-07-26 12:44:40,299
4882,977,2026-08-19 01:18:40,2999
4883,593,2026-09-03 13:43:40,599
4884,128,2026-07-02 04:42:40,399
4885,601,2026-06-22 15:25:40,299
4886,794,2026-07-28 19:23:40,899
4887,279,2026-07-20 22:12:40,999
4888,819,2026-07-20 18:32:40,2499
4889,52,2026-06-14 07:58:40,1199
4890,476,2026-08-03 12:51:40,1199
4891,682,2026-08-08 18:57:40,699
4892,587,2026-08-10 22:00:40,699
4893,907,2026-06-25 17:24:40,599
4894,395,2026-07-28 17:16:40,299
4895,264,2026-07-26 04:33:40,899
4896,251,2026-07-29 14:16:40,599
4897,482,2026-07-09 05:09:40,2499
4898,396,2026-07-18 21:59:40,1499
4899,191,2026-08-12 17:37:40,399
4900,904,2026-09-03 22:13:40,799
4901,141,2026-08-26 01:56:40,599
4902,329,2026-07-10 05:16:40,799
4903,608,2026-08-13 02:32:40,499
4904,377,2026-07-28 06:42:40,1199
4905,165,2026-08-12 17:15:40,599
4906,437,2026-07-22 10:37:40,799
4907,629,2026-07-21 20:11:40,1199
4908,861,2026-08-25 14:11:40,899
4909,358,2026-07-20 17:14:40,899
4910,254,2026-07-22 14:20:40,699
4911,896,2026-07-22 02:46:40,699
4912,727,2026-07-16 06:22:40,699
4913,627,2026-06-29 16:08:40,1499
4914,604,2026-07-15 22:47:40,2499
4915,968,2026-07-17 12:09:40,999
4916,292,2026-07-12 22:28:40,699
4917,899,2026-08-05 11:33:40,1199
4918,778,2026-09-09 01:16:40,1199
4919,176,2026-07-02 10:35:40,1499
4920,337,2026-08-17 16:40:40,1499
4921,741,2026-08-15 03:31:40,599
4922,590,2026-09-07 21:13:40,2999
4923,904,2026-08-19 22:26:40,699
4924,103,2026-07-15 08:38:40,299
4925,916,2026-08-26 17:40:40,299
4926,708,2026-07-06 07:27:40,999
4927,780,2026-06-19 18:52:40,699
4928,921,2026-08-19 14:44:40,699
4929,646,2026-08-05 14:53:40,999
4930,820,2026-08-27 08:26:40,2999
4931,129,2026-06-18 10:32:40,299
4932,310,2026-07-19 21:59:40,699
4933,391,2026-06-22 08:18:40,1499
4934,229,2026-08-25 05:24:40,299
4935,145,2026-07-29 06:40:40,2999
4936,118,2026-07-11 03:27:40,999
4937,342,2026-08-03 15:05:40,2499
4938,610,2026-08-03 09:53:40,1499
4939,346,2026-09-03 01:25:40,999
4940,987,2026-06-14 20:59:40,2999
4941,81,2026-08-26 22:45:40,399
4942,268,2026-07-30 20:51:40,599
4943,266,2026-09-11 13:57:40,899
4944,227,2026-06-24 05:46:40,1199
4945,564,2026-07-31 05:28:40,599
4946,304,2026-07-07 10:25:40,899
4947,162,2026-09-08 02:40:40,299
4948,879,2026-07-15 09:51:40,999
4949,300,2026-07-07 11:58:40,599
4950,672,2026-06-27 03:51:40,599
4951,680,2026-08-11 02:09:40,899
4952,517,2026-09-11 01:23:40,1999
4953,406,2026-08-22 03:34:40,1199
4954,811,2026-09-05 14:17:40,2499
4955,919,2026-07-02 22:27:40,699
4956,391,2026-08-27 04:41:40,2999
4957,670,2026-06-26 00:14:40,999
4958,449,2026-07-20 06:01:40,699
4959,193,2026-06-18 12:45:40,799
4960,60,2026-07-03 11:06:40,2999
4961,811,2026-07-30 04:42:40,499
4962,835,2026-08-24 22:49:40,899
4963,401,2026-07-27 09:00:40,2999
4964,345,2026-07-04 09:44:40,499
4965,533,2026-07-03 23:22:40,599
4966,10,2026-07-01 03:40:40,799
4967,411,2026-08-26 06:45:40,599
4968,899,2026-06-15 10:33:40,599
4969,203,2026-07-16 17:01:40,999
4970,70,2026-09-10 07:14:40,899
4971,803,2026-08-11 15:31:40,299
4972,449,2026-08-07 08:21:40,999
4973,625,2026-08-31 15:20:40,799
4974,256,2026-06-21 08:49:40,1999
4975,380,2026-07-10 04:37:40,499
4976,933,2026-07-14 03:09:40,1199
4977,789,2026-07-17 18:42:40,599
4978,30,2026-07-11 12:17:40,2999
4979,135,2026-06-19 08:06:40,699
4980,470,2026-06-22 22:23:40,2499
4981,817,2026-06-16 06:01:40,2499
4982,167,2026-07-05 01:23:40,499
4983,300,2026-06-20 14:35:40,999
4984,834,2026-08-05 12:14:40,1199
4985,474,2026-06-27 19:13:40,1999
4986,708,2026-08-16 14:24:40,699
4987,424,2026-06-27 23:22:40,1499
4988,959,2026-07-07 11:35:40,899
4989,369,2026-09-03 20:46:40,1199
4990,894,2026-08-09 08:22:40,1999
4991,481,2026-09-02 07:53:40,1199
4992,894,2026-06-22 08:41:40,799
4993,614,2026-06-19 22:22:40,2499
4994,352,2026-08-02 16:20:40,1199
4995,289,2026-07-16 20:18:40,2499
4996,151,2026-07-15 18:47:40,1999
4997,193,2026-08-10 22:21:40,399
4998,814,2026-07-07 06:40:40,399
4999,89,2026-06-20 07:05:40,999
5000,990,2026-08-18 04:47:40,2499
5001,355,2026-09-10 20:58:40,2999
5002,941,2026-08-31 05:14:40,399
5003,466,2026-06-20 18:50:40,2499
5004,37,2026-09-02 11:10:40,499
5005,361,2026-06-27 22:11:40,1499
5006,258,2026-09-10 14:43:40,1499
5007,326,2026-06-28 18:38:40,499
5008,180,2026-07-02 18:56:40,2499
5009,261,2026-07-15 11:07:40,999
5010,187,2026-07-04 03:55:40,699
5011,154,2026-07-02 06:56:40,499
5012,386,2026-09-08 14:15:40,2999
5013,267,2026-08-28 23:56:40,599
5014,931,2026-07-09 03:19:40,299
5015,709,2026-08-22 09:44:40,699
5016,302,2026-07-22 18:28:40,299
5017,313,2026-08-17 20:03:40,1199
5018,614,2026-08-27 13:32:40,699
5019,476,2026-06-16 08:32:40,799
5020,629,2026-09-09 16:21:40,1199
5021,701,2026-07-28 06:11:40,2999
5022,896,2026-07-24 10:22:40,1999
5023,459,2026-08-16 12:11:40,2499
5024,926,2026-07-07 15:59:40,1999
5025,674,2026-07-10 09:28:40,1499
5026,759,2026-07-24 16:46:40,699
5027,190,2026-08-10 19:02:40,799
5028,814,2026-07-05 09:30:40,799
5029,581,2026-07-03 03:58:40,399
5030,908,2026-08-04 15:06:40,399
5031,146,2026-08-30 07:33:40,1999
5032,378,2026-08-27 03:31:40,499
5033,155,2026-08-28 12:39:40,399
5034,331,2026-08-05 09:34:40,499
5035,606,2026-07-24 14:20:40,1999
5036,718,2026-08-27 15:46:40,899
5037,251,2026-08-13 01:18:40,2999
5038,158,2026-09-04 16:43:40,1499
5039,741,2026-07-22 01:20:40,499
5040,44,2026-08-08 15:36:40,799
5041,680,2026-07-17 23:04:40,299
5042,662,2026-09-07 20:53:40,399
5043,200,2026-07-11 02:38:40,599
5044,671,2026-08-21 04:34:40,699
5045,588,2026-08-21 11:17:40,499
5046,66,2026-09-04 05:43:40,499
5047,97,2026-07-06 05:55:40,2499
5048,304,2026-08-19 01:30:40,399
5049,729,2026-07-31 20:41:40,899
5050,557,2026-08-06 21:03:40,899
5051,306,2026-06-15 07:20:40,1499
5052,113,2026-08-20 13:48:40,1199
5053,551,2026-06-21 15:51:40,699
5054,769,2026-07-02 00:32:40,299
5055,814,2026-08-02 09:08:40,1199
5056,938,2026-08-16 18:12:40,1199
5057,492,2026-07-15 14:05:40,799
5058,795,2026-08-02 23:57:40,699
5059,969,2026-08-05 02:51:40,2999
5060,764,2026-06-29 22:59:40,2499
5061,133,2026-07-11 13:14:40,499
5062,115,2026-08-31 08:17:40,899
5063,829,2026-07-02 08:36:40,599
5064,188,2026-06-16 13:16:40,399
5065,47,2026-07-20 09:11:40,699
5066,545,2026-07-11 06:50:40,2499
5067,498,2026-08-18 22:21:40,2499
5068,887,2026-06-28 06:02:40,1499
5069,458,2026-07-03 17:09:40,1499
5070,609,2026-08-31 12:08:40,2499
5071,540,2026-06-26 23:42:40,1199
5072,716,2026-07-09 07:19:40,1199
5073,21,2026-06-21 11:28:40,899
5074,433,2026-08-05 04:19:40,2499
5075,764,2026-07-06 01:32:40,299
5076,6,2026-07-28 10:19:40,499
5077,553,2026-07-27 10:06:40,899
5078,194,2026-06-26 03:52:40,1999
5079,48,2026-07-25 08:49:40,599
5080,908,2026-08-20 11:07:40,2499
5081,2,2026-07-29 21:16:40,499
5082,948,2026-08-06 22:42:40,1999
5083,798,2026-08-25 22:35:40,299
5084,462,2026-08-03 21:16:40,899
5085,168,2026-08-11 17:31:40,599
5086,879,2026-07-13 09:26:40,1199
5087,911,2026-07-10 20:11:40,899
5088,690,2026-07-10 10:24:40,999
5089,418,2026-06-24 19:53:40,1999
5090,117,2026-09-02 21:30:40,2999
5091,769,2026-08-04 08:57:40,999
5092,108,2026-07-15 17:07:40,699
5093,989,2026-06-27 03:36:40,599
5094,159,2026-09-06 20:22:40,499
5095,206,2026-07-13 02:10:40,499
5096,102,2026-09-08 21:26:40,1199
5097,749,2026-07-12 15:29:40,499
5098,473,2026-08-30 03:26:40,399
5099,542,2026-08-14 14:17:40,2999
5100,754,2026-09-11 03:57:40,999
5101,505,2026-08-02 07:13:40,299
5102,433,2026-09-03 02:55:40,1499
5103,172,2026-06-15 00:29:40,1199
5104,536,2026-06-27 00:24:40,699
5105,254,2026-06-23 22:40:40,999
5106,622,2026-08-09 16:39:40,999
5107,941,2026-08-18 01:39:40,799
5108,994,2026-08-28 17:09:40,1199
5109,659,2026-07-15 21:16:40,699
5110,359,2026-09-06 18:43:40,2499
5111,692,2026-06-17 02:24:40,2499
5112,155,2026-09-11 15:56:40,799
5113,713,2026-08-04 20:56:40,2999
5114,175,2026-08-31 15:08:40,399
5115,142,2026-07-25 17:45:40,699
5116,632,2026-08-17 22:08:40,499
5117,352,2026-07-25 11:10:40,699
5118,688,2026-08-09 00:12:40,299
5119,783,2026-08-10 02:51:40,499
5120,594,2026-08-30 04:00:40,699
5121,643,2026-08-13 08:20:40,1499
5122,422,2026-08-07 21:51:40,399
5123,783,2026-08-09 22:11:40,899
5124,497,2026-06-16 20:32:40,1199
5125,801,2026-08-29 17:51:40,1999
5126,697,2026-08-16 12:07:40,799
5127,703,2026-09-01 21:50:40,899
5128,283,2026-06-23 19:44:40,2999
5129,623,2026-08-17 12:39:40,899
5130,474,2026-07-15 13:25:40,999
5131,532,2026-09-02 13:45:40,899
5132,751,2026-08-27 21:23:40,1199
5133,110,2026-08-01 13:21:40,1499
5134,547,2026-06-17 11:50:40,799
5135,11,2026-08-30 09:14:40,1999
5136,528,2026-08-03 03:52:40,499
5137,122,2026-06-18 08:57:40,499
5138,985,2026-08-11 04:57:40,899
5139,297,2026-08-23 23:29:40,299
5140,19,2026-08-22 08:49:40,1199
5141,854,2026-07-16 15:05:40,399
5142,789,2026-07-12 04:07:40,1199
5143,587,2026-08-24 10:27:40,1999
5144,824,2026-06-19 14:02:40,699
5145,683,2026-08-22 20:47:40,1499
5146,610,2026-08-13 12:25:40,2499
5147,109,2026-08-23 14:58:40,599
5148,15,2026-07-03 18:22:40,799
5149,938,2026-06-15 04:32:40,599
5150,48,2026-09-08 15:18:40,899
5151,779,2026-09-08 15:38:40,1499
5152,910,2026-08-29 15:13:40,599
5153,18,2026-07-29 15:50:40,399
5154,572,2026-07-17 21:44:40,999
5155,555,2026-09-07 12:59:40,999
5156,584,2026-06-20 20:20:40,999
5157,936,2026-06-16 23:39:40,1199
5158,484,2026-07-04 17:28:40,1999
5159,823,2026-06-18 03:39:40,1999
5160,769,2026-07-10 16:55:40,2499
5161,126,2026-06-20 10:49:40,699
5162,311,2026-07-16 08:10:40,1499
5163,961,2026-06-19 16:02:40,699
5164,682,2026-07-27 17:07:40,899
5165,839,2026-07-31 08:51:40,299
5166,387,2026-07-02 07:39:40,799
5167,933,2026-07-28 23:10:40,899
5168,894,2026-08-14 07:52:40,899
5169,787,2026-07-06 09:26:40,499
5170,128,2026-08-30 03:53:40,599
5171,221,2026-09-04 00:14:40,699
5172,451,2026-06-17 12:03:40,699
5173,492,2026-08-02 13:06:40,699
5174,702,2026-07-25 15:10:40,599
5175,616,2026-08-08 13:42:40,399
5176,869,2026-07-13 20:46:40,799
5177,7,2026-08-15 05:40:40,699
5178,342,2026-07-28 09:38:40,499
5179,719,2026-08-29 04:32:40,2499
5180,256,2026-08-03 08:14:40,499
5181,970,2026-06-25 06:31:40,2499
5182,798,2026-08-13 11:31:40,2999
5183,656,2026-07-03 00:01:40,999
5184,161,2026-08-07 12:06:40,1999
5185,559,2026-07-15 22:54:40,1199
5186,329,2026-09-08 14:07:40,799
5187,176,2026-07-07 22:14:40,699
5188,175,2026-09-09 14:40:40,2499
5189,880,2026-07-24 06:57:40,399
5190,515,2026-07-25 18:55:40,1499
5191,87,2026-08-10 05:35:40,799
5192,939,2026-06-20 20:26:40,1999
5193,49,2026-07-30 13:10:40,399
5194,265,2026-08-10 17:51:40,699
5195,483,2026-07-13 15:12:40,599
5196,366,2026-07-02 13:00:40,1199
5197,750,2026-07-21 07:25:40,2999
5198,865,2026-08-12 06:54:40,1499
5199,308,2026-09-11 22:01:40,599
5200,267,2026-07-21 22:45:40,299
5201,342,2026-07-13 19:04:40,1199
5202,32,2026-07-12 09:39:40,1199
5203,223,2026-08-06 06:27:40,2999
5204,71,2026-09-10 09:47:40,1999
5205,534,2026-08-29 08:59:40,299
5206,526,2026-08-13 20:06:40,499
5207,832,2026-08-24 05:54:40,2999
5208,179,2026-08-14 21:02:40,599
5209,10,2026-07-20 20:59:40,499
5210,324,2026-09-09 05:52:40,499
5211,126,2026-08-10 01:51:40,899
5212,335,2026-09-06 10:31:40,799
5213,747,2026-07-12 19:23:40,2999
5214,804,2026-08-18 04:38:40,1199
5215,579,2026-06-27 14:59:40,1999
5216,490,2026-07-08 12:49:40,899
5217,509,2026-06-26 03:02:40,999
5218,761,2026-08-01 09:09:40,2999
5219,408,2026-08-28 05:51:40,599
5220,215,2026-08-03 08:09:40,1499
5221,590,2026-07-16 16:12:40,2999
5222,441,2026-07-17 13:35:40,1499
5223,602,2026-08-26 22:22:40,299
5224,707,2026-06-18 06:35:40,1199
5225,610,2026-08-23 14:02:40,599
5226,592,2026-06-16 21:29:40,599
5227,853,2026-09-10 01:53:40,499
5228,98,2026-06-24 21:10:40,899
5229,680,2026-08-19 13:29:40,699
5230,175,2026-09-05 12:56:40,699
5231,754,2026-08-18 19:51:40,1499
5232,770,2026-09-07 23:18:40,999
5233,597,2026-07-31 17:42:40,1199
5234,933,2026-07-31 18:53:40,1999
5235,728,2026-08-26 15:20:40,1199
5236,130,2026-08-20 02:39:40,1499
5237,53,2026-07-06 07:36:40,999
5238,764,2026-08-27 18:18:40,1199
5239,624,2026-09-07 01:26:40,1999
5240,859,2026-06-23 07:51:40,1199
5241,554,2026-07-09 00:10:40,999
5242,921,2026-06-24 17:32:40,799
5243,769,2026-08-27 19:51:40,699
5244,948,2026-07-26 07:22:40,699
5245,814,2026-07-10 17:03:40,2999
5246,895,2026-07-04 19:57:40,1199
5247,108,2026-06-24 09:18:40,599
5248,654,2026-06-17 10:05:40,1199
5249,350,2026-08-08 20:39:40,2999
5250,84,2026-08-26 11:11:40,999
5251,855,2026-08-21 05:49:40,799
5252,591,2026-06-15 04:19:40,2999
5253,633,2026-09-07 03:08:40,1999
5254,867,2026-07-05 07:00:40,999
5255,591,2026-06-20 14:52:40,499
5256,574,2026-08-07 17:09:40,599
5257,227,2026-07-31 06:12:40,1999
5258,321,2026-08-17 21:20:40,299
5259,773,2026-08-13 02:32:40,2999
5260,857,2026-09-07 13:44:40,499
5261,690,2026-08-03 04:19:40,2499
5262,125,2026-06-29 21:47:40,2999
5263,599,2026-06-24 03:47:40,1199
5264,129,2026-08-26 18:51:40,499
5265,662,2026-07-24 14:39:40,599
5266,741,2026-08-07 05:08:40,299
5267,707,2026-08-20 14:24:40,1199
5268,817,2026-06-26 20:17:40,399
5269,44,2026-07-20 13:35:40,499
5270,307,2026-07-12 02:01:40,599
5271,411,2026-06-22 14:31:40,2499
5272,815,2026-08-20 18:45:40,899
5273,776,2026-08-04 08:30:40,999
5274,81,2026-07-12 01:54:40,1199
5275,738,2026-08-29 16:08:40,599
5276,215,2026-07-29 11:23:40,1499
5277,62,2026-06-14 23:53:40,1199
5278,330,2026-08-08 05:55:40,1999
5279,979,2026-07-21 18:14:40,599
5280,89,2026-09-05 14:27:40,899
5281,841,2026-08-01 11:09:40,999
5282,582,2026-07-07 14:54:40,2999
5283,899,2026-06-28 06:56:40,699
5284,253,2026-08-04 01:11:40,299
5285,676,2026-07-01 20:30:40,599
5286,483,2026-08-15 09:01:40,299
5287,876,2026-07-04 21:10:40,899
5288,785,2026-09-05 15:58:40,299
5289,352,2026-07-15 12:43:40,1199
5290,85,2026-08-01 11:48:40,399
5291,837,2026-09-09 16:36:40,299
5292,915,2026-06-27 23:16:40,999
5293,982,2026-07-26 00:29:40,599
5294,343,2026-08-22 00:30:40,699
5295,420,2026-07-17 04:55:40,399
5296,39,2026-07-09 01:07:40,1199
5297,2,2026-07-01 18:45:40,299
5298,271,2026-07-02 18:58:40,599
5299,433,2026-07-01 20:27:40,399
5300,270,2026-09-03 12:15:40,699
5301,465,2026-06-28 20:20:40,1499
5302,236,2026-08-28 14:22:40,599
5303,949,2026-06-16 21:58:40,1499
5304,817,2026-06-19 17:03:40,899
5305,267,2026-09-11 01:27:40,1499
5306,642,2026-09-10 04:08:40,499
5307,178,2026-08-17 21:20:40,699
5308,962,2026-08-31 20:01:40,2999
5309,277,2026-07-24 14:39:40,2499
5310,243,2026-07-26 21:19:40,999
5311,140,2026-08-15 07:01:40,699
5312,910,2026-07-09 04:13:40,899
5313,826,2026-08-23 20:39:40,2999
5314,109,2026-08-02 12:21:40,2499
5315,785,2026-06-18 09:51:40,599
5316,605,2026-08-17 20:29:40,399
5317,520,2026-08-16 10:07:40,999
5318,454,2026-09-06 02:54:40,1199
5319,228,2026-07-13 09:57:40,699
5320,780,2026-08-13 17:32:40,699
5321,97,2026-07-14 01:32:40,1499
5322,13,2026-09-01 06:54:40,599
5323,525,2026-09-03 16:33:40,499
5324,559,2026-06-30 15:40:40,799
5325,271,2026-07-05 05:31:40,699
5326,70,2026-09-05 09:27:40,599
5327,916,2026-06-24 22:34:40,2499
5328,669,2026-07-29 18:01:40,499
5329,8,2026-07-18 11:36:40,299
5330,58,2026-09-10 19:16:40,1499
5331,859,2026-07-18 07:08:40,599
5332,164,2026-07-18 15:21:40,599
5333,861,2026-08-23 23:36:40,299
5334,637,2026-08-15 02:11:40,699
5335,102,2026-09-03 07:41:40,2999
5336,284,2026-08-22 17:33:40,1499
5337,748,2026-08-24 18:41:40,2499
5338,400,2026-07-16 21:58:40,599
5339,188,2026-07-06 14:37:40,999
5340,863,2026-07-22 07:43:40,699
5341,15,2026-07-18 02:13:40,1999
5342,220,2026-07-06 16:38:40,399
5343,547,2026-09-01 04:34:40,599
5344,313,2026-08-01 19:59:40,399
5345,705,2026-08-01 09:35:40,999
5346,13,2026-07-03 20:57:40,999
5347,712,2026-09-05 08:35:40,499
5348,798,2026-06-18 05:10:40,799
5349,799,2026-07-14 16:29:40,2999
5350,425,2026-07-01 06:08:40,799
5351,202,2026-08-05 21:09:40,299
5352,11,2026-07-27 18:02:40,1499
5353,321,2026-06-17 04:38:40,999
5354,250,2026-07-01 14:23:40,1499
5355,989,2026-06-15 04:23:40,999
5356,222,2026-08-31 17:37:40,599
5357,771,2026-06-19 00:00:40,499
5358,165,2026-06-25 06:45:40,1199
5359,833,2026-08-01 21:34:40,2499
5360,522,2026-08-13 06:13:40,899
5361,508,2026-07-02 08:39:40,299
5362,824,2026-07-16 14:27:40,2499
5363,793,2026-07-20 02:58:40,2999
5364,115,2026-08-16 07:08:40,499
5365,561,2026-06-22 19:25:40,299
5366,466,2026-07-16 12:47:40,899
5367,56,2026-07-02 11:20:40,699
5368,301,2026-06-30 08:55:40,499
5369,96,2026-09-04 15:32:40,499
5370,351,2026-07-07 10:30:40,1499
5371,277,2026-06-24 08:18:40,1999
5372,748,2026-06-16 21:49:40,699
5373,760,2026-08-10 19:28:40,499
5374,385,2026-08-31 03:45:40,1999
5375,188,2026-08-07 00:12:40,799
5376,324,2026-06-26 11:31:40,499
5377,482,2026-08-05 06:13:40,999
5378,618,2026-07-23 03:07:40,299
5379,994,2026-09-08 07:49:40,799
5380,848,2026-09-10 15:09:40,1199
5381,360,2026-06-28 15:34:40,499
5382,109,2026-06-27 22:14:40,399
5383,328,2026-08-21 22:31:40,399
5384,175,2026-08-08 21:28:40,899
5385,776,2026-09-11 13:18:40,1499
5386,822,2026-08-21 16:48:40,999
5387,570,2026-08-07 20:15:40,899
5388,130,2026-07-11 17:56:40,299
5389,930,2026-06-15 20:05:40,699
5390,320,2026-08-11 11:33:40,1199
5391,768,2026-07-13 18:24:40,1999
5392,571,2026-06-25 21:39:40,1499
5393,34,2026-08-15 13:11:40,1499
5394,134,2026-06-24 16:51:40,299
5395,52,2026-08-04 22:19:40,2499
5396,783,2026-08-20 09:57:40,1499
5397,986,2026-09-02 08:25:40,599
5398,805,2026-07-25 10:49:40,1199
5399,276,2026-08-18 16:49:40,999
5400,968,2026-06-19 19:42:40,399
5401,230,2026-08-26 19:58:40,799
5402,281,2026-08-08 08:41:40,2499
5403,877,2026-06-15 08:36:40,499
5404,205,2026-08-16 01:19:40,499
5405,888,2026-06-15 15:29:40,799
5406,2,2026-07-10 09:32:40,299
5407,22,2026-06-16 21:05:40,899
5408,255,2026-07-22 03:17:40,899
5409,465,2026-07-14 21:39:40,1499
5410,5,2026-06-14 20:05:40,1499
5411,787,2026-08-25 05:39:40,699
5412,122,2026-08-04 03:33:40,1499
5413,978,2026-06-25 16:08:40,2999
5414,760,2026-09-02 08:24:40,599
5415,143,2026-09-09 18:44:40,999
5416,760,2026-08-28 01:06:40,2999
5417,592,2026-08-12 03:17:40,1499
5418,46,2026-08-02 04:06:40,2999
5419,751,2026-07-27 13:06:40,399
5420,966,2026-08-23 17:02:40,699
5421,398,2026-07-15 04:35:40,299
5422,944,2026-08-29 22:04:40,699
5423,701,2026-07-12 10:59:40,399
5424,912,2026-06-27 03:25:40,599
5425,976,2026-08-10 06:31:40,399
5426,536,2026-06-24 13:37:40,1999
5427,619,2026-08-24 23:55:40,2499
5428,266,2026-07-26 19:41:40,2999
5429,588,2026-07-23 07:33:40,599
5430,652,2026-07-18 00:32:40,399
5431,372,2026-07-10 14:20:40,599
5432,285,2026-08-05 16:33:40,999
5433,330,2026-08-01 22:10:40,1499
5434,257,2026-07-20 22:28:40,2499
5435,280,2026-08-04 17:00:40,499
5436,734,2026-06-20 06:35:40,1199
5437,142,2026-07-19 00:18:40,299
5438,830,2026-07-02 02:21:40,1199
5439,933,2026-06-26 02:04:40,499
5440,943,2026-07-01 23:46:40,1199
5441,458,2026-08-29 12:32:40,499
5442,985,2026-08-03 07:34:40,1199
5443,355,2026-08-17 06:03:40,699
5444,706,2026-07-25 08:01:40,599
5445,809,2026-07-29 23:44:40,899
5446,320,2026-07-04 10:54:40,999
5447,18,2026-06-15 12:37:40,499
5448,635,2026-06-26 20:40:40,1199
5449,719,2026-07-26 07:07:40,399
5450,704,2026-08-06 06:12:40,499
5451,806,2026-09-02 13:54:40,1499
5452,19,2026-07-21 01:27:40,899
5453,118,2026-06-18 05:01:40,1499
5454,178,2026-07-12 04:48:40,899
5455,419,2026-06-17 04:37:40,499
5456,576,2026-07-15 19:41:40,999
5457,89,2026-06-17 06:18:40,2499
5458,930,2026-07-06 10:29:40,499
5459,582,2026-09-02 16:36:40,799
5460,92,2026-06-30 04:13:40,699
5461,970,2026-08-22 01:55:40,299
5462,510,2026-08-07 17:20:40,799
5463,230,2026-07-17 12:56:40,2499
5464,48,2026-07-23 23:43:40,499
5465,451,2026-08-06 11:26:40,1999
5466,308,2026-08-02 03:38:40,1499
5467,91,2026-07-26 10:32:40,799
5468,512,2026-09-02 10:18:40,699
5469,504,2026-07-03 11:47:40,799
5470,572,2026-08-06 06:03:40,899
5471,548,2026-07-05 08:52:40,2999
5472,104,2026-09-08 08:24:40,999
5473,685,2026-07-07 16:00:40,299
5474,522,2026-08-03 17:17:40,2999
5475,397,2026-07-29 02:22:40,899
5476,976,2026-07-03 07:49:40,399
5477,980,2026-09-01 18:28:40,899
5478,873,2026-08-22 18:04:40,699
5479,810,2026-09-01 13:02:40,999
5480,850,2026-06-25 00:42:40,1499
5481,62,2026-09-03 09:55:40,299
5482,38,2026-08-05 07:23:40,1199
5483,311,2026-08-17 22:02:40,699
5484,997,2026-07-02 07:47:40,799
5485,885,2026-07-18 09:51:40,299
5486,315,2026-08-07 03:20:40,899
5487,561,2026-07-03 06:41:40,399
5488,345,2026-09-03 17:25:40,699
5489,620,2026-07-29 08:54:40,699
5490,589,2026-07-06 03:57:40,1999
5491,708,2026-07-19 13:13:40,399
5492,785,2026-06-29 07:14:40,2499
5493,628,2026-08-16 10:06:40,1199
5494,83,2026-08-20 08:01:40,599
5495,3,2026-09-07 16:46:40,699
5496,231,2026-07-28 01:09:40,2999
5497,295,2026-08-17 20:23:40,499
5498,742,2026-06-22 20:05:40,699
5499,601,2026-08-06 20:33:40,899
5500,415,2026-07-17 03:54:40,399
5501,837,2026-06-26 04:43:40,399
5502,165,2026-07-31 12:44:40,1999
5503,768,2026-07-19 06:23:40,2499
5504,191,2026-07-15 03:39:40,2499
5505,412,2026-06-20 13:11:40,2499
5506,974,2026-08-20 16:32:40,599
5507,509,2026-07-02 07:17:40,2499
5508,658,2026-08-17 15:35:40,299
5509,208,2026-07-04 05:16:40,599
5510,108,2026-08-29 18:07:40,1499
5511,638,2026-08-30 04:37:40,399
5512,827,2026-07-19 04:32:40,599
5513,305,2026-08-13 06:47:40,399
5514,769,2026-09-10 19:19:40,399
5515,604,2026-08-13 00:07:40,899
5516,47,2026-06-28 00:20:40,899
5517,906,2026-07-03 15:15:40,2499
5518,632,2026-06-21 03:04:40,699
5519,101,2026-08-27 23:50:40,1999
5520,478,2026-08-20 14:27:40,799
5521,944,2026-06-15 23:39:40,399
5522,211,2026-08-09 13:46:40,799
5523,543,2026-07-06 01:39:40,299
5524,484,2026-07-05 21:05:40,1999
5525,889,2026-08-09 20:19:40,299
5526,483,2026-07-01 18:10:40,2999
5527,58,2026-07-13 17:39:40,899
5528,109,2026-08-07 04:07:40,2499
5529,525,2026-06-28 23:02:40,499
5530,133,2026-07-10 01:10:40,2999
5531,603,2026-09-03 15:48:40,999
5532,503,2026-06-29 20:44:40,999
5533,347,2026-07-13 05:00:40,899
5534,574,2026-06-27 03:43:40,2999
5535,294,2026-08-23 04:15:40,2499
5536,734,2026-08-23 15:22:40,799
5537,477,2026-08-17 04:32:40,499
5538,667,2026-07-17 01:27:40,699
5539,199,2026-07-01 10:28:40,899
5540,988,2026-07-07 09:24:40,399
5541,401,2026-08-27 05:22:40,899
5542,617,2026-09-07 16:07:40,799
5543,868,2026-08-11 11:57:40,1999
5544,484,2026-06-16 16:23:40,999
5545,699,2026-09-09 14:36:40,899
5546,635,2026-09-10 06:47:40,1499
5547,871,2026-07-31 02:19:40,499
5548,92,2026-07-25 05:19:40,399
5549,859,2026-08-05 13:24:40,499
5550,398,2026-06-23 04:02:40,299
5551,223,2026-07-09 14:34:40,1999
5552,536,2026-07-17 08:50:40,599
5553,720,2026-09-10 07:11:40,1199
5554,887,2026-07-12 21:40:40,699
5555,555,2026-07-21 19:36:40,599
5556,25,2026-06-15 13:30:40,399
5557,757,2026-08-07 23:23:40,2999
5558,77,2026-06-15 14:26:40,599
5559,48,2026-07-02 06:55:40,399
5560,387,2026-08-14 02:55:40,2999
5561,827,2026-08-23 16:16:40,699
5562,414,2026-07-15 11:14:40,1499
5563,884,2026-07-26 10:51:40,1199
5564,93,2026-06-25 03:52:40,299
5565,840,2026-06-29 12:30:40,999
5566,431,2026-07-17 08:03:40,1199
5567,840,2026-08-27 17:26:40,399
5568,328,2026-08-13 11:07:40,799
5569,329,2026-06-28 08:06:40,2999
5570,79,2026-08-10 18:53:40,2999
5571,101,2026-07-01 11:09:40,799
5572,784,2026-08-25 19:04:40,399
5573,350,2026-07-30 11:41:40,899
5574,875,2026-09-03 05:20:40,1999
5575,832,2026-08-29 17:42:40,599
5576,752,2026-08-02 03:41:40,699
5577,806,2026-07-21 17:20:40,2499
5578,863,2026-07-31 11:59:40,2999
5579,474,2026-08-12 07:34:40,799
5580,67,2026-08-09 06:33:40,999
5581,209,2026-06-21 20:01:40,399
5582,371,2026-08-02 12:20:40,1999
5583,493,2026-08-22 00:20:40,599
5584,493,2026-09-08 02:35:40,599
5585,101,2026-08-15 13:51:40,599
5586,543,2026-06-16 09:28:40,999
5587,304,2026-06-23 13:04:40,799
5588,723,2026-08-12 00:43:40,899
5589,52,2026-07-04 21:43:40,799
5590,266,2026-08-04 01:05:40,899
5591,152,2026-08-10 09:07:40,1199
5592,854,2026-07-22 05:00:40,899
5593,439,2026-07-16 07:32:40,999
5594,669,2026-08-02 00:45:40,499
5595,490,2026-06-23 01:45:40,799
5596,214,2026-08-23 16:02:40,899
5597,709,2026-07-01 15:10:40,499
5598,224,2026-08-20 17:18:40,1199
5599,856,2026-08-13 22:35:40,899
5600,918,2026-09-08 01:33:40,2999
5601,270,2026-08-19 19:57:40,1499
5602,696,2026-07-13 08:35:40,2499
5603,343,2026-07-31 10:48:40,299
5604,356,2026-06-18 01:05:40,1499
5605,791,2026-07-02 18:44:40,1499
5606,429,2026-06-24 14:10:40,999
5607,440,2026-07-16 03:52:40,599
5608,699,2026-09-06 02:52:40,899
5609,462,2026-06-22 03:02:40,1199
5610,610,2026-08-12 19:17:40,799
5611,353,2026-07-16 08:59:40,399
5612,601,2026-06-17 11:25:40,2999
5613,540,2026-07-17 08:26:40,499
5614,489,2026-07-10 16:19:40,499
5615,467,2026-07-10 08:35:40,2499
5616,181,2026-07-06 23:41:40,999
5617,106,2026-06-27 06:25:40,999
5618,851,2026-08-01 00:28:40,999
5619,437,2026-08-30 07:03:40,399
5620,434,2026-07-05 05:21:40,699
5621,162,2026-08-31 20:55:40,399
5622,296,2026-07-18 20:57:40,1499
5623,567,2026-07-13 04:55:40,499
5624,963,2026-06-27 17:09:40,299
5625,213,2026-08-27 08:43:40,299
5626,921,2026-07-08 02:58:40,1499
5627,814,2026-08-23 03:38:40,699
5628,189,2026-09-08 15:49:40,999
5629,849,2026-06-23 04:59:40,1199
5630,26,2026-06-23 18:01:40,2999
5631,20,2026-07-11 05:57:40,599
5632,457,2026-06-19 14:15:40,299
5633,964,2026-06-18 13:09:40,599
5634,214,2026-07-07 17:25:40,999
5635,188,2026-07-16 11:56:40,1499
5636,230,2026-06-28 17:42:40,1499
5637,286,2026-08-09 16:47:40,1199
5638,6,2026-08-22 11:08:40,299
5639,760,2026-08-03 13:48:40,299
5640,161,2026-07-28 23:18:40,1499
5641,838,2026-08-23 13:38:40,2499
5642,619,2026-07-13 03:10:40,599
5643,131,2026-08-13 01:42:40,2999
5644,506,2026-07-07 21:27:40,399
5645,164,2026-08-26 07:24:40,899
5646,228,2026-07-28 23:35:40,699
5647,999,2026-08-25 16:35:40,499
5648,851,2026-08-09 01:58:40,999
5649,405,2026-09-04 14:24:40,499
5650,465,2026-07-05 21:13:40,699
5651,365,2026-07-10 22:03:40,699
5652,639,2026-09-02 21:55:40,299
5653,464,2026-06-14 20:26:40,1199
5654,446,2026-07-22 03:58:40,2499
5655,508,2026-07-30 17:26:40,299
5656,174,2026-06-19 20:32:40,1999
5657,733,2026-06-27 22:25:40,499
5658,610,2026-06-19 08:43:40,2999
5659,80,2026-07-31 13:28:40,599
5660,635,2026-06-18 11:48:40,1199
5661,587,2026-06-18 21:46:40,499
5662,921,2026-07-04 14:44:40,599
5663,212,2026-07-06 03:42:40,599
5664,367,2026-06-22 04:41:40,2999
5665,384,2026-09-05 13:54:40,299
5666,117,2026-09-02 02:46:40,799
5667,291,2026-07-27 02:15:40,299
5668,232,2026-08-04 22:04:40,1199
5669,828,2026-08-24 13:16:40,2999
5670,214,2026-09-01 10:20:40,2999
5671,252,2026-07-08 08:50:40,599
5672,404,2026-07-04 21:59:40,499
5673,8,2026-08-21 03:54:40,1499
5674,765,2026-08-21 23:46:40,399
5675,130,2026-07-18 11:37:40,499
5676,901,2026-08-27 05:00:40,2999
5677,342,2026-08-29 15:52:40,1499
5678,616,2026-08-31 07:35:40,399
5679,147,2026-07-15 18:57:40,599
5680,78,2026-08-14 17:51:40,1499
5681,381,2026-07-19 08:36:40,299
5682,394,2026-07-07 23:21:40,699
5683,657,2026-06-25 21:45:40,999
5684,351,2026-09-01 07:09:40,499
5685,186,2026-08-03 17:36:40,2499
5686,235,2026-06-26 18:55:40,599
5687,740,2026-08-04 07:59:40,699
5688,485,2026-07-24 08:14:40,1199
5689,645,2026-08-04 11:56:40,399
5690,919,2026-07-03 01:33:40,1499
5691,436,2026-06-29 18:23:40,2999
5692,235,2026-06-17 04:08:40,1499
5693,163,2026-09-07 03:28:40,1199
5694,925,2026-07-18 14:27:40,499
5695,277,2026-06-21 09:42:40,2499
5696,109,2026-06-22 15:16:40,599
5697,881,2026-07-26 14:32:40,799
5698,97,2026-07-18 10:18:40,2999
5699,143,2026-06-26 22:12:40,399
5700,307,2026-07-15 01:25:40,299
5701,530,2026-08-09 19:30:40,1499
5702,473,2026-09-03 07:48:40,999
5703,620,2026-06-30 15:16:40,2499
5704,258,2026-06-30 07:37:40,1199
5705,559,2026-07-15 02:24:40,699
5706,644,2026-09-08 14:16:40,1199
5707,811,2026-06-28 21:43:40,2499
5708,950,2026-06-14 13:21:40,1199
5709,495,2026-08-16 04:59:40,999
5710,650,2026-08-01 21:44:40,599
5711,902,2026-07-14 09:09:40,1499
5712,572,2026-08-08 14:38:40,799
5713,894,2026-09-01 04:42:40,799
5714,479,2026-08-23 00:50:40,899
5715,282,2026-06-21 19:53:40,1999
5716,516,2026-07-30 03:05:40,1199
5717,197,2026-08-22 09:21:40,799
5718,717,2026-08-09 02:22:40,999
5719,139,2026-08-04 08:33:40,2499
5720,521,2026-07-18 16:02:40,499
5721,675,2026-08-27 08:55:40,699
5722,947,2026-07-12 00:27:40,799
5723,755,2026-07-31 06:22:40,1499
5724,402,2026-07-05 20:42:40,499
5725,188,2026-07-28 04:20:40,399
5726,547,2026-07-07 15:18:40,2999
5727,680,2026-09-03 15:42:40,2999
5728,905,2026-07-22 17:43:40,1199
5729,422,2026-07-08 22:20:40,699
5730,902,2026-07-07 23:32:40,399
5731,872,2026-07-05 08:47:40,699
5732,90,2026-07-20 22:08:40,499
5733,609,2026-06-15 04:10:40,2499
5734,671,2026-08-06 15:42:40,2499
5735,455,2026-06-19 07:58:40,899
5736,1,2026-07-17 14:24:40,299
5737,986,2026-08-27 14:59:40,599
5738,190,2026-06-22 19:25:40,699
5739,663,2026-06-19 04:17:40,599
5740,630,2026-06-23 05:19:40,2999
5741,87,2026-08-26 10:47:40,799
5742,782,2026-07-09 21:11:40,499
5743,138,2026-07-04 13:25:40,999
5744,96,2026-06-25 21:46:40,899
5745,873,2026-06-15 01:34:40,899
5746,989,2026-06-16 19:41:40,999
5747,498,2026-09-06 04:52:40,899
5748,288,2026-08-04 07:31:40,1999
5749,767,2026-08-06 05:02:40,899
5750,892,2026-06-30 15:50:40,599
5751,726,2026-08-21 01:54:40,299
5752,16,2026-08-26 13:46:40,999
5753,178,2026-07-09 11:59:40,399
5754,456,2026-08-08 00:41:40,599
5755,690,2026-06-28 10:27:40,599
5756,806,2026-08-05 06:32:40,1999
5757,960,2026-09-01 11:50:40,2499
5758,96,2026-08-08 12:40:40,599
5759,733,2026-06-26 15:54:40,699
5760,922,2026-07-20 07:30:40,2499
5761,202,2026-08-11 09:01:40,999
5762,675,2026-08-02 19:55:40,999
5763,974,2026-08-06 04:59:40,2499
5764,214,2026-07-16 22:50:40,499
5765,639,2026-06-19 12:28:40,899
5766,829,2026-06-22 18:52:40,799
5767,103,2026-08-18 21:00:40,299
5768,89,2026-08-16 23:11:40,1499
5769,194,2026-07-06 13:16:40,499
5770,43,2026-07-05 13:07:40,599
5771,456,2026-07-23 12:21:40,699
5772,80,2026-08-16 08:46:40,699
5773,354,2026-08-07 14:22:40,599
5774,514,2026-08-02 21:48:40,999
5775,584,2026-06-15 08:54:40,699
5776,792,2026-08-21 15:19:40,599
5777,388,2026-07-01 17:07:40,1499
5778,43,2026-07-20 02:01:40,499
5779,203,2026-08-19 17:18:40,2499
5780,273,2026-06-22 23:32:40,299
5781,610,2026-07-27 11:04:40,799
5782,641,2026-07-24 19:19:40,699
5783,179,2026-06-25 16:18:40,699
5784,241,2026-07-25 22:10:40,299
5785,856,2026-06-18 22:21:40,599
5786,489,2026-08-21 05:48:40,1999
5787,438,2026-06-20 13:03:40,1999
5788,651,2026-08-06 02:38:40,699
5789,228,2026-08-11 20:30:40,1199
5790,269,2026-07-19 10:01:40,299
5791,406,2026-08-01 06:06:40,2999
5792,463,2026-09-05 15:28:40,899
5793,263,2026-08-06 17:40:40,1999
5794,898,2026-08-02 10:57:40,1199
5795,947,2026-06-22 15:14:40,699
5796,904,2026-09-10 06:05:40,799
5797,837,2026-08-20 03:10:40,1499
5798,35,2026-06-21 08:00:40,999
5799,947,2026-09-11 09:08:40,399
5800,12,2026-08-19 12:53:40,299
5801,715,2026-08-12 00:25:40,1199
5802,395,2026-06-16 12:47:40,799
5803,422,2026-08-07 04:53:40,299
5804,234,2026-07-15 17:49:40,899
5805,607,2026-08-18 10:45:40,299
5806,406,2026-08-15 00:00:40,1999
5807,217,2026-06-16 16:02:40,2499
5808,811,2026-06-29 21:31:40,499
5809,188,2026-07-07 16:58:40,999
5810,934,2026-08-26 23:49:40,2999
5811,84,2026-08-31 04:21:40,1199
5812,463,2026-08-19 00:04:40,899
5813,337,2026-07-11 20:20:40,799
5814,693,2026-08-29 04:56:40,999
5815,770,2026-07-10 21:58:40,599
5816,312,2026-09-09 09:16:40,1199
5817,711,2026-09-01 20:20:40,999
5818,410,2026-06-18 03:26:40,799
5819,818,2026-09-03 14:26:40,299
5820,865,2026-09-07 23:51:40,1499
5821,142,2026-07-01 07:16:40,999
5822,61,2026-07-18 00:26:40,1199
5823,433,2026-09-11 06:06:40,899
5824,700,2026-08-09 03:58:40,899
5825,211,2026-07-07 05:20:40,399
5826,412,2026-07-04 22:31:40,1999
5827,918,2026-06-15 18:44:40,2999
5828,595,2026-08-27 09:21:40,1199
5829,860,2026-08-31 06:15:40,1499
5830,836,2026-08-21 09:03:40,399
5831,576,2026-07-03 17:16:40,799
5832,989,2026-07-10 11:01:40,399
5833,469,2026-06-14 20:59:40,699
5834,626,2026-07-17 08:57:40,1499
5835,299,2026-07-04 03:45:40,2499
5836,713,2026-08-28 21:15:40,1999
5837,241,2026-06-26 01:21:40,599
5838,981,2026-07-25 13:15:40,1999
5839,616,2026-09-10 03:39:40,699
5840,368,2026-08-25 22:58:40,999
5841,28,2026-08-01 22:43:40,399
5842,632,2026-07-27 21:00:40,599
5843,3,2026-07-31 12:10:40,1199
5844,167,2026-07-18 11:07:40,1199
5845,761,2026-07-20 01:22:40,599
5846,832,2026-06-21 01:41:40,2999
5847,893,2026-09-11 01:24:40,2499
5848,78,2026-08-13 03:06:40,399
5849,425,2026-08-13 20:27:40,299
5850,396,2026-09-03 16:13:40,699
5851,680,2026-07-13 00:39:40,799
5852,905,2026-09-04 20:09:40,2999
5853,777,2026-06-20 06:56:40,1999
5854,872,2026-07-16 22:30:40,2499
5855,674,2026-07-03 00:04:40,399
5856,337,2026-06-14 10:00:40,2999
5857,48,2026-06-28 18:35:40,1499
5858,160,2026-08-05 23:51:40,299
5859,457,2026-06-20 09:33:40,1199
5860,645,2026-08-22 05:05:40,1999
5861,920,2026-06-22 17:42:40,899
5862,154,2026-08-20 09:10:40,899
5863,564,2026-07-07 00:27:40,2999
5864,304,2026-07-22 19:52:40,2999
5865,970,2026-06-18 01:26:40,299
5866,469,2026-07-02 20:04:40,1999
5867,594,2026-07-27 21:43:40,1999
5868,663,2026-08-12 23:49:40,399
5869,78,2026-08-06 20:32:40,899
5870,960,2026-08-29 00:39:40,2499
5871,615,2026-08-02 06:42:40,2999
5872,484,2026-08-04 15:40:40,299
5873,571,2026-06-18 19:40:40,299
5874,246,2026-09-01 07:01:40,299
5875,651,2026-07-06 16:44:40,1999
5876,923,2026-07-17 11:49:40,599
5877,334,2026-08-29 16:12:40,1999
5878,189,2026-09-04 11:53:40,1199
5879,697,2026-08-15 03:37:40,499
5880,12,2026-07-22 01:31:40,1999
5881,147,2026-07-22 09:14:40,799
5882,221,2026-08-05 22:33:40,1499
5883,93,2026-07-03 11:01:40,799
5884,255,2026-06-15 09:07:40,699
5885,584,2026-08-10 16:24:40,2499
5886,61,2026-07-15 22:56:40,1999
5887,780,2026-08-10 03:40:40,2999
5888,301,2026-07-15 15:52:40,499
5889,865,2026-09-10 12:34:40,799
5890,364,2026-07-13 02:20:40,899
5891,262,2026-08-17 06:16:40,1199
5892,835,2026-08-09 15:21:40,699
5893,696,2026-06-16 11:27:40,899
5894,847,2026-09-11 12:25:40,1199
5895,560,2026-07-02 06:54:40,2499
5896,584,2026-08-10 18:47:40,1199
5897,379,2026-07-20 01:57:40,899
5898,156,2026-07-09 07:46:40,899
5899,40,2026-08-01 16:23:40,999
5900,619,2026-09-01 19:58:40,699
5901,600,2026-06-23 07:55:40,1499
5902,318,2026-08-25 19:30:40,1999
5903,927,2026-07-06 08:19:40,299
5904,975,2026-07-16 09:10:40,1199
5905,397,2026-07-07 08:58:40,1499
5906,635,2026-06-30 03:56:40,899
5907,408,2026-06-23 18:31:40,1499
5908,598,2026-08-05 08:44:40,799
5909,387,2026-08-31 22:30:40,1499
5910,674,2026-07-03 22:30:40,2499
5911,618,2026-08-23 10:45:40,799
5912,770,2026-08-24 03:02:40,899
5913,570,2026-08-18 18:17:40,999
5914,462,2026-08-31 08:55:40,2999
5915,445,2026-06-15 12:39:40,599
5916,261,2026-08-20 08:35:40,1199
5917,971,2026-07-16 23:24:40,599
5918,98,2026-07-25 10:10:40,1199
5919,764,2026-07-08 22:37:40,499
5920,130,2026-08-04 03:33:40,299
5921,919,2026-06-22 12:51:40,299
5922,669,2026-09-07 02:01:40,899
5923,151,2026-09-01 03:19:40,399
5924,980,2026-07-24 03:13:40,1999
5925,233,2026-06-18 13:18:40,1499
5926,73,2026-07-11 12:39:40,299
5927,210,2026-08-19 22:03:40,799
5928,156,2026-09-03 21:02:40,499
5929,34,2026-08-28 23:06:40,899
5930,660,2026-07-26 00:56:40,699
5931,164,2026-09-08 01:40:40,699
5932,931,2026-06-15 14:11:40,2499
5933,665,2026-07-03 05:05:40,499
5934,240,2026-07-27 10:33:40,1499
5935,955,2026-08-15 16:59:40,1499
5936,966,2026-06-27 22:48:40,1199
5937,928,2026-09-01 15:40:40,1499
5938,963,2026-08-22 05:13:40,799
5939,412,2026-08-21 08:28:40,299
5940,88,2026-08-14 00:55:40,599
5941,644,2026-06-14 18:11:40,899
5942,419,2026-06-26 19:59:40,1499
5943,342,2026-08-14 08:20:40,2999
5944,668,2026-09-04 13:26:40,299
5945,318,2026-07-15 13:03:40,699
5946,124,2026-07-04 13:46:40,399
5947,673,2026-07-08 19:14:40,1499
5948,324,2026-08-04 06:32:40,299
5949,509,2026-08-15 18:44:40,1999
5950,174,2026-06-23 18:54:40,299
5951,232,2026-08-06 06:20:40,1499
5952,781,2026-09-06 08:34:40,499
5953,712,2026-07-26 23:19:40,1499
5954,612,2026-06-23 21:44:40,1199
5955,496,2026-07-08 10:01:40,299
5956,195,2026-07-23 02:43:40,2999
5957,301,2026-07-23 12:26:40,999
5958,294,2026-08-23 22:32:40,2999
5959,278,2026-08-16 16:33:40,999
5960,768,2026-08-21 17:27:40,499
5961,794,2026-07-12 13:36:40,299
5962,709,2026-08-13 16:52:40,399
5963,797,2026-08-30 06:22:40,999
5964,645,2026-06-19 02:07:40,2999
5965,999,2026-07-29 06:02:40,2499
5966,245,2026-09-06 09:27:40,1199
5967,608,2026-07-28 05:49:40,799
5968,393,2026-07-08 11:34:40,1499
5969,834,2026-06-23 21:22:40,799
5970,522,2026-06-14 14:54:40,1199
5971,760,2026-06-25 03:19:40,2999
5972,98,2026-07-25 17:48:40,699
5973,736,2026-09-01 16:14:40,799
5974,255,2026-08-31 00:39:40,899
5975,49,2026-09-04 19:24:40,999
5976,3,2026-06-20 12:32:40,1499
5977,252,2026-06-16 01:51:40,799
5978,915,2026-07-23 07:06:40,699
5979,19,2026-07-15 23:31:40,2999
5980,729,2026-08-22 07:43:40,399
5981,824,2026-08-22 04:15:40,599
5982,603,2026-08-01 16:21:40,499
5983,786,2026-06-19 11:04:40,799
5984,938,2026-08-22 20:57:40,1999
5985,972,2026-07-20 00:16:40,2499
5986,22,2026-09-06 18:06:40,1199
5987,13,2026-07-03 15:52:40,499
5988,623,2026-09-11 13:37:40,899
5989,290,2026-09-10 17:17:40,1499
5990,212,2026-07-11 02:47:40,799
5991,739,2026-08-06 07:44:40,299
5992,955,2026-07-08 23:01:40,699
5993,270,2026-06-16 20:30:40,1199
5994,922,2026-06-20 17:03:40,299
5995,518,2026-08-30 21:02:40,299
5996,611,2026-07-05 05:15:40,2499
5997,121,2026-08-30 02:11:40,399
5998,554,2026-09-11 00:28:40,699
5999,887,2026-07-12 05:37:40,599
6000,698,2026-07-02 15:56:40,399
